/home/riley/code/hale-lang/fathom/apps/arbwatch/main.hl:205:9	hashmap-insert	INVOKED	DislocationCoord::dem_set	FALSE_POSITIVE	GAP-SCALAR-UPSERT	DemandSlot = key + Int count; leg-key domain bounded by config/markets resolve_legs; in-place overwrite
/home/riley/code/hale-lang/fathom/apps/arbwatch/main.hl:216:9	hashmap-insert	INVOKED	DislocationCoord::sa_set	FALSE_POSITIVE	GAP-SCALAR-UPSERT	SigActiveSlot = key + Bool; product|instrument domain bounded by config instruments; in-place overwrite
/home/riley/code/hale-lang/fathom/apps/arbwatch/main.hl:401:30	hashmap-insert	LOOP	DislocationCoord::on_sig_unsub_all	FALSE_POSITIVE	GAP-SCALAR-UPSERT	re-sets existing demand keys to count 0; scalar cell, bounded key domain
/home/riley/code/hale-lang/fathom/apps/arbwatch/main.hl:401:46	struct DemandSlot	LOOP	DislocationCoord::on_sig_unsub_all	FALSE_POSITIVE	GAP-BOUNDED-INPUT-LOOP	Local DemandSlot literal; loop over demand_keys (config-bounded legs); handler scratch reclaimed
/home/riley/code/hale-lang/fathom/apps/arbwatch/main.hl:500:9	hashmap-insert	INVOKED	DislocationCompute::on_book	TRUE_POSITIVE	-	tob.set: TobSlot.packed String refreshed per book msg; slow leak: string anchor per set, md rate, long-lived child
/home/riley/code/hale-lang/fathom/apps/arbwatch/main.hl:549:49	struct TobSlot	LOOP	DislocationCompute::scan	FALSE_POSITIVE	GAP-BOUNDED-INPUT-LOOP	same shape as 613:49 — bounded venue walk in scan(), scratch-reclaimed per on_book dispatch
/home/riley/code/hale-lang/fathom/apps/arbwatch/main.hl:579:49	struct TobSlot	LOOP	DislocationCompute::scan	FALSE_POSITIVE	GAP-BOUNDED-INPUT-LOOP	same shape as 549:49, second pass of scan()
/home/riley/code/hale-lang/fathom/apps/arbwatch/main.hl:613:49	struct TobSlot	LOOP	DislocationCompute::max_fresh_wire	FALSE_POSITIVE	GAP-BOUNDED-INPUT-LOOP	`or TobSlot{}` default; loop over dedup'd venues_seen (bounded venue set); handler-scratch reclaimed at dispatch exit
/home/riley/code/hale-lang/fathom/apps/arbwatch/main.hl:631:31	struct VenueCursor	INVOKED	DislocationCompute::venue_cursor_at	FALSE_POSITIVE	GAP-BOUNDED-INPUT-LOOP	Local VenueCursor return; consumed inside bounded venue loop within on_book handler scratch, reclaimed per dispatch
/home/riley/code/hale-lang/fathom/apps/arbwatch/main.hl:633:28	struct VenueCursor	INVOKED	DislocationCompute::venue_cursor_at	FALSE_POSITIVE	GAP-BOUNDED-INPUT-LOOP	same VenueCursor return shape
/home/riley/code/hale-lang/fathom/apps/arbwatch/main.hl:635:16	struct VenueCursor	INVOKED	DislocationCompute::venue_cursor_at	FALSE_POSITIVE	GAP-BOUNDED-INPUT-LOOP	same VenueCursor return shape
/home/riley/code/hale-lang/fathom/apps/dashboard/main.hl:1007:9	hashmap-insert	INVOKED	SubscriberSink::on_venue_balance	TRUE_POSITIVE	-	venuebals.set: packed String refreshed per VenueBalance; slow leak: string anchor per set
/home/riley/code/hale-lang/fathom/apps/dashboard/main.hl:1031:9	hashmap-insert	INVOKED	SubscriberSink::on_recon_report	TRUE_POSITIVE	-	reconreports.set: packed+orphans Strings refreshed per recon report; slow leak: string anchor per set
/home/riley/code/hale-lang/fathom/apps/dashboard/main.hl:1057:9	hashmap-insert	INVOKED	SubscriberSink::on_risk_limit	TRUE_POSITIVE	-	desklims.set: value String refreshed per limit broadcast; slow leak: string anchor per set
/home/riley/code/hale-lang/fathom/apps/dashboard/main.hl:1076:9	hashmap-insert	INVOKED	SubscriberSink::on_risk_safety	TRUE_POSITIVE	-	desksafety.set: five String value fields refreshed per periodic DeskSafety; slow leak: string anchor per set
/home/riley/code/hale-lang/fathom/apps/dashboard/main.hl:1100:9	hashmap-insert	INVOKED	SubscriberSink::on_desk_position	TRUE_POSITIVE	-	deskpos.set: packed String refreshed per position broadcast; slow leak: string anchor per set, long-lived daemon
/home/riley/code/hale-lang/fathom/apps/dashboard/main.hl:1338:46	struct VenueBalSlot	LOOP	SubscriberSink::venue_bal_json	FALSE_POSITIVE	GAP-BOUNDED-INPUT-LOOP	`or VenueBalSlot{}`; venue|asset walk, per-request scratch
/home/riley/code/hale-lang/fathom/apps/dashboard/main.hl:1368:49	struct ReconReportSlot	LOOP	SubscriberSink::recon_report_json	FALSE_POSITIVE	GAP-BOUNDED-INPUT-LOOP	`or ReconReportSlot{}`; per-venue table walk, per-request scratch
/home/riley/code/hale-lang/fathom/apps/dashboard/main.hl:1426:49	struct StratFleetSlot	LOOP	SubscriberSink::probes_json	FALSE_POSITIVE	GAP-BOUNDED-INPUT-LOOP	`or StratFleetSlot{}`; stratfleet walk (bounded strategy ids), per-request scratch
/home/riley/code/hale-lang/fathom/apps/dashboard/main.hl:1445:46	struct ProbeSigSlot	LOOP	SubscriberSink::probes_json	FALSE_POSITIVE	GAP-BOUNDED-INPUT-LOOP	`or ProbeSigSlot{}`; probesigs walk (bounded market|side|depth fleet), per-request scratch
/home/riley/code/hale-lang/fathom/apps/dashboard/main.hl:1473:45	struct DeskBalSlot	LOOP	SubscriberSink::collect_desk_ids	FALSE_POSITIVE	GAP-BOUNDED-INPUT-LOOP	`or DeskBalSlot{}`; bounded desk|venue|asset table walk in per-request handler scratch
/home/riley/code/hale-lang/fathom/apps/dashboard/main.hl:1481:45	struct DeskLimSlot	LOOP	SubscriberSink::collect_desk_ids	FALSE_POSITIVE	GAP-BOUNDED-INPUT-LOOP	same shape, desklims walk
/home/riley/code/hale-lang/fathom/apps/dashboard/main.hl:1489:44	struct DeskPosSlot	LOOP	SubscriberSink::collect_desk_ids	FALSE_POSITIVE	GAP-BOUNDED-INPUT-LOOP	same shape, deskpos walk
/home/riley/code/hale-lang/fathom/apps/dashboard/main.hl:1515:45	struct DeskBalSlot	LOOP	SubscriberSink::one_desk_json	FALSE_POSITIVE	GAP-BOUNDED-INPUT-LOOP	`or DeskBalSlot{}`; bounded table walk, per-request handler scratch
/home/riley/code/hale-lang/fathom/apps/dashboard/main.hl:1541:45	struct DeskLimSlot	LOOP	SubscriberSink::one_desk_json	FALSE_POSITIVE	GAP-BOUNDED-INPUT-LOOP	same shape, desklims walk
/home/riley/code/hale-lang/fathom/apps/dashboard/main.hl:1559:44	struct DeskPosSlot	LOOP	SubscriberSink::one_desk_json	FALSE_POSITIVE	GAP-BOUNDED-INPUT-LOOP	same shape, deskpos walk
/home/riley/code/hale-lang/fathom/apps/dashboard/main.hl:444:9	hashmap-insert	INVOKED	SubscriberSink::on_heartbeat	TRUE_POSITIVE	-	apps.set: subs snapshot String refreshed per 30s beat per app; slow leak: string anchor per set
/home/riley/code/hale-lang/fathom/apps/dashboard/main.hl:471:41	struct HeartbeatRow	LOOP	SubscriberSink::topology_json	FALSE_POSITIVE	GAP-BOUNDED-INPUT-LOOP	same shape, topology walk
/home/riley/code/hale-lang/fathom/apps/dashboard/main.hl:497:41	struct HeartbeatRow	LOOP	SubscriberSink::actives_json	FALSE_POSITIVE	GAP-BOUNDED-INPUT-LOOP	`or HeartbeatRow{}` in walk over apps table (bounded fleet); called from StaticHandler.handle per-request scratch
/home/riley/code/hale-lang/fathom/apps/dashboard/main.hl:537:41	struct HeartbeatRow	LOOP	SubscriberSink::sig_actives_json	FALSE_POSITIVE	GAP-BOUNDED-INPUT-LOOP	`or HeartbeatRow{}`; bounded apps walk, per-request scratch
/home/riley/code/hale-lang/fathom/apps/dashboard/main.hl:727:9	hashmap-insert	INVOKED	SubscriberSink::wire_skew_upsert	TRUE_POSITIVE	-	wireskew.set: packed String refreshed PER MD FRAME (every tick/signal); string anchor per set — fastest leak in this chunk
/home/riley/code/hale-lang/fathom/apps/dashboard/main.hl:748:45	struct VenueWireSlot	LOOP	SubscriberSink::wire_skew_json	FALSE_POSITIVE	GAP-BOUNDED-INPUT-LOOP	`or VenueWireSlot{}`; per-venue walk, per-request scratch
/home/riley/code/hale-lang/fathom/apps/dashboard/main.hl:924:9	hashmap-insert	INVOKED	SubscriberSink::on_probe	TRUE_POSITIVE	-	probesigs.set: packed String refreshed per probe fill signal; slow leak: string anchor per set
/home/riley/code/hale-lang/fathom/apps/dashboard/main.hl:938:9	hashmap-insert	INVOKED	SubscriberSink::on_strategy_fleet	TRUE_POSITIVE	-	stratfleet.set: fleet/disabled/mode Strings refreshed per read-back; slow leak: string anchor per set
/home/riley/code/hale-lang/fathom/apps/dashboard/main.hl:989:9	hashmap-insert	INVOKED	SubscriberSink::on_risk_snapshot	TRUE_POSITIVE	-	deskbals.set: packed String refreshed per periodic risk.snapshot; slow leak: string anchor per set
/home/riley/code/hale-lang/fathom/apps/exgw/kraken-reconcile/main.hl:160:17	hashmap-insert	LOOP	KrakenReconcile::load_pairs	FALSE_POSITIVE	GAP-BOUNDED-INPUT-LOOP	load_pairs runs ONCE from run() (verified line 347); bounded by one AssetPairs response
/home/riley/code/hale-lang/fathom/apps/exgw/kraken-reconcile/main.hl:160:32	struct PairSlot	LOOP	KrakenReconcile::load_pairs	FALSE_POSITIVE	GAP-BOUNDED-INPUT-LOOP	Local PairSlot literal in the one-shot load
/home/riley/code/hale-lang/fathom/apps/exgw/kraken-reconcile/main.hl:163:21	hashmap-insert	LOOP	KrakenReconcile::load_pairs	FALSE_POSITIVE	GAP-BOUNDED-INPUT-LOOP	altname insert, same one-shot load
/home/riley/code/hale-lang/fathom/apps/exgw/kraken-reconcile/main.hl:163:36	struct PairSlot	LOOP	KrakenReconcile::load_pairs	FALSE_POSITIVE	GAP-BOUNDED-INPUT-LOOP	Local PairSlot literal, same one-shot load
/home/riley/code/hale-lang/fathom/apps/exgw/kraken/main.hl:203:13	hashmap-insert	LOOP	KrakenExecGw::load_precision	FALSE_POSITIVE	GAP-BOUNDED-INPUT-LOOP	load_precision runs ONCE from run() startup; population bounded by one AssetPairs response
/home/riley/code/hale-lang/fathom/apps/exgw/kraken/main.hl:203:28	struct PairPrec	LOOP	KrakenExecGw::load_precision	FALSE_POSITIVE	GAP-BOUNDED-INPUT-LOOP	Local PairPrec literal in the same one-shot load; method scratch reclaimed
/home/riley/code/hale-lang/fathom/apps/exgw/kraken/main.hl:206:17	hashmap-insert	LOOP	KrakenExecGw::load_precision	FALSE_POSITIVE	GAP-BOUNDED-INPUT-LOOP	altname-key insert, same one-shot bounded load
/home/riley/code/hale-lang/fathom/apps/exgw/kraken/main.hl:206:32	struct PairPrec	LOOP	KrakenExecGw::load_precision	FALSE_POSITIVE	GAP-BOUNDED-INPUT-LOOP	Local PairPrec literal, same one-shot load
/home/riley/code/hale-lang/fathom/apps/exgw/kraken/main.hl:294:35	struct d::CancelRequest	LOOP	KrakenExecGw::on_cancel_batch	FALSE_POSITIVE	GAP-BOUNDED-INPUT-LOOP	Local CancelRequest per token of ONE CancelBatch message; bus-published + handler scratch reclaimed
/home/riley/code/hale-lang/fathom/apps/ledger/main.hl:389:25	hashmap-insert	INVOKED	LedgerQueryHandler::replay_pair	FALSE_POSITIVE	GAP-SCALAR-UPSERT	basis.set CostSlot (key + Decimals); desk|symbol bounded; invoked from per-request HTTP reattribute handler
/home/riley/code/hale-lang/fathom/apps/ledger/main.hl:390:16	struct ReplayResult	INVOKED	LedgerQueryHandler::replay_pair	FALSE_POSITIVE	GAP-OTHER	Local ReplayResult return; consumed inside per-request handle() scratch, reclaimed per request
/home/riley/code/hale-lang/fathom/apps/ledger/main.hl:556:9	hashmap-insert	INVOKED	Ledger::bal_add	FALSE_POSITIVE	GAP-SCALAR-UPSERT	BalSlot = key + Decimal (no String/Bytes/compound value); venue|asset domain bounded; in-place overwrite
/home/riley/code/hale-lang/fathom/apps/ledger/main.hl:576:34	hashmap-insert	LOOP	Ledger::rehydrate_book	FALSE_POSITIVE	GAP-BOUNDED-INPUT-LOOP	rehydrate_book: one-shot boot load, bounded by ledger_balance snapshot; method scratch
/home/riley/code/hale-lang/fathom/apps/ledger/main.hl:576:48	struct BalSlot	LOOP	Ledger::rehydrate_book	FALSE_POSITIVE	GAP-BOUNDED-INPUT-LOOP	Local BalSlot literal in the same one-shot boot load
/home/riley/code/hale-lang/fathom/apps/ledger/main.hl:593:9	hashmap-insert	INVOKED	Ledger::cb_apply	FALSE_POSITIVE	GAP-SCALAR-UPSERT	CostSlot = key + two Decimals; desk|symbol domain bounded; in-place overwrite
/home/riley/code/hale-lang/fathom/apps/ledger/main.hl:710:24	hashmap-insert	INVOKED	Ledger::on_fill	TRUE_POSITIVE	-	fills_seen.set keyed by venue_fill_id: unbounded key domain, no removal ever — one row per fill for daemon life
/home/riley/code/hale-lang/fathom/apps/ledger/main.hl:761:20	struct AttrSlot	INVOKED	Ledger::resolve_attr	FALSE_POSITIVE	GAP-OTHER	Local AttrSlot return; consumed by on_fill/persist_fill handler scratch, reclaimed per dispatch (not a run-loop)
/home/riley/code/hale-lang/fathom/apps/ledger/main.hl:765:20	struct AttrSlot	INVOKED	Ledger::resolve_attr	FALSE_POSITIVE	GAP-OTHER	same resolve_attr return shape
/home/riley/code/hale-lang/fathom/apps/ledger/main.hl:767:16	struct AttrSlot	INVOKED	Ledger::resolve_attr	FALSE_POSITIVE	GAP-OTHER	same resolve_attr return shape
/home/riley/code/hale-lang/fathom/apps/ledger/main.hl:782:45	struct AttrSlot	LOOP	Ledger::desk_of_strategy	FALSE_POSITIVE	GAP-OTHER	Local `or AttrSlot{}` in attr-map scan; attr population grows, but allocs die at handler-scratch exit — no accumulation
/home/riley/code/hale-lang/fathom/apps/ledger/main.hl:798:9	hashmap-insert	INVOKED	Ledger::on_order_request	TRUE_POSITIVE	-	attr.set keyed by order_id: unbounded key domain, never pruned — grows per accepted order forever
/home/riley/code/hale-lang/fathom/apps/mdgw/binance/main.hl:203:16	struct bn::RestSnapshot	INVOKED	BinanceBook::swallow_snap	FALSE_POSITIVE	GAP-OTHER	swallow_snap method scratch; RestSnapshot consumed inside refetch() (method), reclaimed at exit
/home/riley/code/hale-lang/fathom/apps/mdgw/binance/main.hl:212:12	struct http::Response	INVOKED	__http_sentinel	FALSE_POSITIVE	GAP-OTHER	free fn shares refetch() method scratch; Response reclaimed at method exit (rule 1); error path only
/home/riley/code/hale-lang/fathom/apps/mdgw/binance/main.hl:212:59	bytes-literal	INVOKED	__http_sentinel	FALSE_POSITIVE	GAP-OTHER	static b"" literal inside method-scratch Response; reclaimed at refetch() exit
/home/riley/code/hale-lang/fathom/apps/mdgw/binance/main.hl:741:16	struct d::Tick	INVOKED	BinanceMdgw::swallow_tick	FALSE_POSITIVE	GAP-OTHER	swallow_tick return consumed inside dispatch() method scratch, reclaimed per call; never reaches run()'s scratch
/home/riley/code/hale-lang/fathom/apps/mdgw/binance/main.hl:747:16	struct bn::SubAck	INVOKED	BinanceMdgw::swallow_ack	FALSE_POSITIVE	GAP-OTHER	swallow_ack return consumed inside dispatch() method scratch (run calls dispatch, a method), reclaimed per call
/home/riley/code/hale-lang/fathom/apps/mdgw/binance/main.hl:753:16	struct bn::BinanceError	INVOKED	BinanceMdgw::swallow_kerr	FALSE_POSITIVE	GAP-OTHER	swallow_kerr return consumed inside dispatch() method scratch, reclaimed per call
/home/riley/code/hale-lang/fathom/apps/mdgw/bybit/main.hl:651:16	struct d::Tick	INVOKED	BybitMdgw::swallow_tick	FALSE_POSITIVE	GAP-OTHER	clone: consumed in dispatch_trades() method scratch, reclaimed per call
/home/riley/code/hale-lang/fathom/apps/mdgw/bybit/main.hl:657:16	struct by::SubAck	INVOKED	BybitMdgw::swallow_ack	FALSE_POSITIVE	GAP-OTHER	clone of binance shape: consumed in dispatch() method scratch, reclaimed per call
/home/riley/code/hale-lang/fathom/apps/mdgw/bybit/main.hl:663:16	struct by::BybitError	INVOKED	BybitMdgw::swallow_kerr	FALSE_POSITIVE	GAP-OTHER	clone of binance shape: consumed in dispatch() method scratch, reclaimed per call
/home/riley/code/hale-lang/fathom/apps/mdgw/coinbase/main.hl:598:16	struct d::Tick	INVOKED	CoinbaseMdgw::swallow_tick	FALSE_POSITIVE	GAP-OTHER	clone of binance shape: consumed in dispatch() method scratch, reclaimed per call
/home/riley/code/hale-lang/fathom/apps/mdgw/coinbase/main.hl:603:16	struct c::SubAck	INVOKED	CoinbaseMdgw::swallow_ack	FALSE_POSITIVE	GAP-OTHER	clone of binance shape: consumed in dispatch() method scratch, reclaimed per call
/home/riley/code/hale-lang/fathom/apps/mdgw/coinbase/main.hl:608:16	struct c::CoinbaseError	INVOKED	CoinbaseMdgw::swallow_kerr	FALSE_POSITIVE	GAP-OTHER	clone of binance shape: consumed in dispatch() method scratch, reclaimed per call
/home/riley/code/hale-lang/fathom/apps/mdgw/evm/main.hl:1402:16	struct CostCurve	INVOKED	amm_curve	FALSE_POSITIVE	GAP-OTHER	all-scalar CostCurve local in free fn; caller on_v3_swap/on_v2_sync handler scratch reclaims (run→dispatch→handler, all methods)
/home/riley/code/hale-lang/fathom/apps/mdgw/evm/main.hl:1420:12	struct CostCurve	INVOKED	amm_curve	FALSE_POSITIVE	GAP-OTHER	same: all-scalar CostCurve in handler-scratch chain, reclaimed at method exit
/home/riley/code/hale-lang/fathom/apps/mdgw/evm/main.hl:1433:12	struct d::BookSignalSnapshot	INVOKED	apply_curve	FALSE_POSITIVE	GAP-OTHER	snapshot built in handler scratch then bus-published (PoolBookInternal, reclaimed per dispatch); scratch reclaims at exit
/home/riley/code/hale-lang/fathom/apps/mdgw/evm/main.hl:1456:12	array-literal	INVOKED	curve_decs	FALSE_POSITIVE	GAP-OTHER	[Decimal;4] scalar array local in free fn within handler scratch; reclaimed at exit
/home/riley/code/hale-lang/fathom/apps/mdgw/evm/main.hl:1477:42	array-literal	INVOKED	v3_human_reserves	FALSE_POSITIVE	GAP-OTHER	[Float;2] scalar local; free fn in on_v3_swap handler scratch, reclaimed at exit
/home/riley/code/hale-lang/fathom/apps/mdgw/evm/main.hl:1483:33	array-literal	INVOKED	v3_human_reserves	FALSE_POSITIVE	GAP-OTHER	same [Float;2] scalar local, handler scratch, reclaimed at exit
/home/riley/code/hale-lang/fathom/apps/mdgw/evm/main.hl:1484:12	array-literal	INVOKED	v3_human_reserves	FALSE_POSITIVE	GAP-OTHER	same [Float;2] scalar local, handler scratch, reclaimed at exit
/home/riley/code/hale-lang/fathom/apps/mdgw/evm/main.hl:1495:33	array-literal	INVOKED	v2_human_reserves	FALSE_POSITIVE	GAP-OTHER	[Float;2] scalar array local; free fn in on_v2_sync handler scratch, reclaimed at exit
/home/riley/code/hale-lang/fathom/apps/mdgw/evm/main.hl:1496:12	array-literal	INVOKED	v2_human_reserves	FALSE_POSITIVE	GAP-OTHER	same [Float;2] scalar local, handler scratch, reclaimed at exit
/home/riley/code/hale-lang/fathom/apps/mdgw/evm/main.hl:1659:12	struct Pool	INVOKED	parse_pool_rec	FALSE_POSITIVE	GAP-OTHER	dead code: sole caller pool_at has no live call sites (replaced per comment line 269); would be method-scratch bounded anyway
/home/riley/code/hale-lang/fathom/apps/mdgw/gateio/main.hl:642:16	struct d::Tick	INVOKED	GateioMdgw::swallow_tick	FALSE_POSITIVE	GAP-OTHER	clone: consumed in dispatch_trades() method scratch, reclaimed per call
/home/riley/code/hale-lang/fathom/apps/mdgw/gateio/main.hl:648:16	struct ga::SubAck	INVOKED	GateioMdgw::swallow_ack	FALSE_POSITIVE	GAP-OTHER	clone of binance shape: consumed in dispatch() method scratch, reclaimed per call
/home/riley/code/hale-lang/fathom/apps/mdgw/gateio/main.hl:654:16	struct ga::GateioError	INVOKED	GateioMdgw::swallow_kerr	FALSE_POSITIVE	GAP-OTHER	clone of binance shape: consumed in dispatch() method scratch, reclaimed per call
/home/riley/code/hale-lang/fathom/apps/mdgw/hyperliquid/main.hl:655:16	struct d::Tick	INVOKED	HyperliquidMdgw::swallow_tick	FALSE_POSITIVE	GAP-OTHER	clone: consumed in dispatch_trades() method scratch, reclaimed per call
/home/riley/code/hale-lang/fathom/apps/mdgw/hyperliquid/main.hl:661:16	struct hl::SubAck	INVOKED	HyperliquidMdgw::swallow_ack	FALSE_POSITIVE	GAP-OTHER	clone of binance shape: consumed in dispatch() method scratch, reclaimed per call
/home/riley/code/hale-lang/fathom/apps/mdgw/hyperliquid/main.hl:667:16	struct hl::HyperliquidError	INVOKED	HyperliquidMdgw::swallow_kerr	FALSE_POSITIVE	GAP-OTHER	clone of binance shape: consumed in dispatch() method scratch, reclaimed per call
/home/riley/code/hale-lang/fathom/apps/mdgw/hyperliquid/main.hl:799:12	struct http::Response	INVOKED	__funding_http_sentinel	FALSE_POSITIVE	GAP-OTHER	free fn shares poll() method scratch (poll is member fn called from run); Response reclaimed at poll() exit
/home/riley/code/hale-lang/fathom/apps/mdgw/hyperliquid/main.hl:799:59	bytes-literal	INVOKED	__funding_http_sentinel	FALSE_POSITIVE	GAP-OTHER	static b"" literal in poll()'s method scratch, reclaimed at exit
/home/riley/code/hale-lang/fathom/apps/mdgw/kraken/main.hl:688:16	struct d::Tick	INVOKED	KrakenMdgw::swallow_tick	FALSE_POSITIVE	GAP-OTHER	clone: consumed in dispatch_trades() method scratch, reclaimed per call
/home/riley/code/hale-lang/fathom/apps/mdgw/kraken/main.hl:694:16	struct k::SubAck	INVOKED	KrakenMdgw::swallow_ack	FALSE_POSITIVE	GAP-OTHER	clone of binance shape: consumed in dispatch() method scratch, reclaimed per call
/home/riley/code/hale-lang/fathom/apps/mdgw/kraken/main.hl:700:16	struct k::KrakenError	INVOKED	KrakenMdgw::swallow_kerr	FALSE_POSITIVE	GAP-OTHER	clone of binance shape: consumed in dispatch() method scratch, reclaimed per call
/home/riley/code/hale-lang/fathom/apps/mdgw/okx/main.hl:652:16	struct d::Tick	INVOKED	OkxMdgw::swallow_tick	FALSE_POSITIVE	GAP-OTHER	clone: consumed in dispatch_trades() method scratch, reclaimed per call
/home/riley/code/hale-lang/fathom/apps/mdgw/okx/main.hl:658:16	struct ox::SubAck	INVOKED	OkxMdgw::swallow_ack	FALSE_POSITIVE	GAP-OTHER	clone of binance shape: consumed in dispatch() method scratch, reclaimed per call
/home/riley/code/hale-lang/fathom/apps/mdgw/okx/main.hl:664:16	struct ox::OkxError	INVOKED	OkxMdgw::swallow_kerr	FALSE_POSITIVE	GAP-OTHER	clone of binance shape: consumed in dispatch() method scratch, reclaimed per call
/home/riley/code/hale-lang/fathom/apps/priceview/main.hl:503:16	struct ComputeResult	INVOKED	SymFeature::compute	FALSE_POSITIVE	GAP-OTHER	all-scalar ComputeResult (Float + [Int;5] + Int) in method scratch (on_book→record→compute), reclaimed at handler exit
/home/riley/code/hale-lang/fathom/apps/priceview/main.hl:729:9	hashmap-insert	INVOKED	PvDemand::dem_set	TRUE_POSITIVE	-	bounded leg-key domain but DemandSlot.key is a fresh String anchored per set into long-lived PvDemand arena; slow leak: string anchor per set
/home/riley/code/hale-lang/fathom/apps/priceview/main.hl:740:9	hashmap-insert	INVOKED	PvDemand::sa_set	TRUE_POSITIVE	-	SigActiveSlot.key fresh String anchored per set into locus arena; fires per sig-sub change; slow leak: string anchor per set
/home/riley/code/hale-lang/fathom/apps/priceview/main.hl:913:30	hashmap-insert	LOOP	PvDemand::on_sig_unsub_all	TRUE_POSITIVE	-	same demand.set anchor leak: re-anchors every leg-key String per unsub_all sweep; old clones never freed
/home/riley/code/hale-lang/fathom/apps/priceview/main.hl:913:46	struct DemandSlot	LOOP	PvDemand::on_sig_unsub_all	FALSE_POSITIVE	GAP-BOUNDED-INPUT-LOOP	loop bounded by demand_keys snapshot; DemandSlot literal is handler-scratch local; the leak belongs to the sibling insert warning
/home/riley/code/hale-lang/fathom/apps/prober/main.hl:249:16	struct pb::ProbeConfig	INVOKED	Prober::__pcfg	FALSE_POSITIVE	GAP-OTHER	ProbeConfig local in on_depth handler scratch, passed to probe_step, reclaimed at handler exit
/home/riley/code/hale-lang/fathom/apps/prober/main.hl:266:9	hashmap-insert	INVOKED	Prober::net_set	TRUE_POSITIVE	-	NetSlot.packed = to_string(q) anchored per set, per desk.position/fill update; slow leak: string anchor per set
/home/riley/code/hale-lang/fathom/apps/prober/main.hl:279:9	hashmap-insert	INVOKED	Prober::mark_set	TRUE_POSITIVE	-	MarkSlot.packed = to_string(mid) anchored per set, called EVERY depth tick (line 419) — fastest leak in chunk
/home/riley/code/hale-lang/fathom/apps/prober/main.hl:290:9	hashmap-insert	INVOKED	Prober::lean_set	TRUE_POSITIVE	-	LeanSlot.key fresh concat String anchored per set into Prober arena; lean transitions unbounded over lifetime; slow leak: string anchor per set
/home/riley/code/hale-lang/fathom/apps/prober/main.hl:327:32	struct pb::ProbeState	LOOP	Prober::on_halt	FALSE_POSITIVE	GAP-RUNTIME-BOUNDED-WHILE	n_probes(≤16) loop in on_halt handler; all-scalar ProbeState, scratch-reclaimed at handler exit
/home/riley/code/hale-lang/fathom/apps/prober/main.hl:368:32	struct pb::ProbeState	LOOP	Prober::on_probe_toggle	FALSE_POSITIVE	GAP-RUNTIME-BOUNDED-WHILE	n_probes(≤16) loop in on_probe_toggle handler; all-scalar ProbeState, scratch-reclaimed at handler exit
/home/riley/code/hale-lang/fathom/apps/prober/main.hl:444:36	struct pb::ProbeState	LOOP	Prober::on_depth	FALSE_POSITIVE	GAP-RUNTIME-BOUNDED-WHILE	n_probes(≤16) loop in on_depth handler; all-scalar ProbeState literal, scratch-reclaimed at handler exit
/home/riley/code/hale-lang/fathom/apps/prober/main.hl:686:35	struct pb::ProbeState	LOOP	Prober::on_strategy_state	FALSE_POSITIVE	GAP-BOUNDED-INPUT-LOOP	adopt loop bounded by one state.response's orders_packed; all-scalar ProbeState in handler scratch, reclaimed at exit
/home/riley/code/hale-lang/fathom/apps/prober/main.hl:723:28	struct pb::ProbeState	LOOP	Prober::on_strategy_state	FALSE_POSITIVE	GAP-RUNTIME-BOUNDED-WHILE	n_probes(≤16) stuck-probe sweep in on_strategy_state; all-scalar ProbeState, scratch-reclaimed at handler exit
/home/riley/code/hale-lang/fathom/apps/prober/main.hl:858:27	struct pb::ProbeState	LOOP	Prober::__add_spec	FALSE_POSITIVE	GAP-RUNTIME-BOUNDED-WHILE	rungs loop hard-capped at 16 probe slots; all-scalar ProbeState in birth/handler scratch, reclaimed
/home/riley/code/hale-lang/fathom/apps/refscraper/evm_discovery.hl:826:12	struct disc::FactorySpec	INVOKED	__parse_factory_rec	FALSE_POSITIVE	GAP-OTHER	FactorySpec local in free fn; callers factory_at/discover_cycle are member fns — scratch reclaimed per method call, not run() body
/home/riley/code/hale-lang/fathom/apps/refstore/main.hl:332:16	struct db::ExecResult	INVOKED	Refstore::upsert_event	FALSE_POSITIVE	GAP-OTHER	all-default ExecResult in upsert_event method scratch; consumed by persist_pg (handler-invoked method), reclaimed at exit
/home/riley/code/hale-lang/fathom/apps/riskgw/main.hl:1006:20	struct DeskConfig	INVOKED	RiskGw::on_alloc_set	TRUE_POSITIVE	-	self.cfg compound assign: fresh String subfields (whole config text) anchored per alloc.set edit, old clone unfreed; slow
/home/riley/code/hale-lang/fathom/apps/riskgw/main.hl:1062:13	hashmap-insert	INVOKED	RiskGw::on_balance	TRUE_POSITIVE	-	venue_bal.set: bounded venue|asset keys, String key+account refreshed per ~30s balance tick; slow leak: string anchor per set
/home/riley/code/hale-lang/fathom/apps/riskgw/main.hl:1248:9	hashmap-insert	INVOKED	RiskGw::rehydrate_position	FALSE_POSITIVE	GAP-OTHER	seed path guarded by seeded_get (line 1233): ≤1 set per bounded (desk,symbol) → total anchored bytes bounded
/home/riley/code/hale-lang/fathom/apps/riskgw/main.hl:1299:13	hashmap-insert	INVOKED	RiskGw::reconcile_position	TRUE_POSITIVE	-	positions.set per CHANGED dedicated-desk balance tick: fresh key+packed anchored; slow leak: string anchor per set
/home/riley/code/hale-lang/fathom/apps/riskgw/main.hl:1378:54	struct PositionSlot	LOOP	RiskGw::sum_book_positions	FALSE_POSITIVE	GAP-OTHER	PositionSlot default literal in method scratch; reclaimed at sum_book_positions exit
/home/riley/code/hale-lang/fathom/apps/riskgw/main.hl:1395:9	hashmap-insert	INVOKED	RiskGw::seeded_set	FALSE_POSITIVE	GAP-OTHER	seeded.set fires once per (desk,symbol) (guard checked before call); bounded key domain → bounded total sets
/home/riley/code/hale-lang/fathom/apps/riskgw/main.hl:1638:9	hashmap-insert	INVOKED	RiskGw::on_order_intent	TRUE_POSITIVE	-	open_orders.set: monotonic oid key per accepted order; tombstone-only (no delete) → population grows per order
/home/riley/code/hale-lang/fathom/apps/riskgw/main.hl:1676:17	hashmap-insert	INVOKED	RiskGw::on_order_update	TRUE_POSITIVE	-	venue_orders: unbounded txid keys per ack, deliberately kept for process life (reconcile attribution), no eviction
/home/riley/code/hale-lang/fathom/apps/riskgw/main.hl:1683:21	hashmap-insert	INVOKED	RiskGw::on_order_update	TRUE_POSITIVE	-	open_orders overwrite (__set_vid): existing key but fresh key+packed anchored per ack; slow leak: string anchor per set
/home/riley/code/hale-lang/fathom/apps/riskgw/main.hl:1793:49	struct OpenOrderSlot	LOOP	RiskGw::emit_cancel_batches	FALSE_POSITIVE	GAP-OTHER	OpenOrderSlot default literal in method scratch (§1); dies at emit_cancel_batches exit, loop count irrelevant
/home/riley/code/hale-lang/fathom/apps/riskgw/main.hl:1813:53	struct OpenOrderSlot	LOOP	RiskGw::emit_cancel_batches	FALSE_POSITIVE	GAP-OTHER	same shape, pass-2 of same method; scratch-reclaimed at exit
/home/riley/code/hale-lang/fathom/apps/riskgw/main.hl:1873:9	hashmap-insert	INVOKED	RiskGw::on_strategy_hb	TRUE_POSITIVE	-	strat_live.set: bounded sid keys, packed refreshed per ~5s heartbeat — steady slow leak: string anchor per set
/home/riley/code/hale-lang/fathom/apps/riskgw/main.hl:1893:49	struct OpenOrderSlot	LOOP	RiskGw::on_strategy_state_req	FALSE_POSITIVE	GAP-OTHER	OpenOrderSlot default literal in handler scratch (§1); dies at handler exit
/home/riley/code/hale-lang/fathom/apps/riskgw/main.hl:1934:9	hashmap-insert	INVOKED	RiskGw::on_strategy_fleet	TRUE_POSITIVE	-	strat_fleet.set: bounded sid keys, fleet_str String refreshed per fleet announce; slow leak: string anchor per set
/home/riley/code/hale-lang/fathom/apps/riskgw/main.hl:1963:51	struct StrategyLiveSlot	LOOP	RiskGw::reap_scan	FALSE_POSITIVE	GAP-OTHER	reap_scan is a method (own scratch) though called from run loop; literal dies at method exit
/home/riley/code/hale-lang/fathom/apps/riskgw/main.hl:1975:21	hashmap-insert	LOOP	RiskGw::reap_scan	TRUE_POSITIVE	-	strat_live tombstone: fresh sid key String anchored per reap event (packed "" static); slow leak: string anchor per set
/home/riley/code/hale-lang/fathom/apps/riskgw/main.hl:1975:41	struct StrategyLiveSlot	LOOP	RiskGw::reap_scan	FALSE_POSITIVE	GAP-OTHER	StrategyLiveSlot literal in method scratch; anchoring charged to paired insert warning
/home/riley/code/hale-lang/fathom/apps/riskgw/main.hl:2052:9	hashmap-insert	INVOKED	RiskGw::release_open_order	TRUE_POSITIVE	-	open_orders tombstone in release: fresh to_string(oid) key anchored per cancel/reject; slow leak: string anchor per set
/home/riley/code/hale-lang/fathom/apps/riskgw/main.hl:2099:56	struct VenueOrderSlot	LOOP	RiskGw::on_trade_recon_orders	FALSE_POSITIVE	GAP-BOUNDED-INPUT-LOOP	VenueOrderSlot default literal per snapshot row; handler scratch, reclaimed at exit
/home/riley/code/hale-lang/fathom/apps/riskgw/main.hl:2100:30	struct OpenOrderSlot	LOOP	RiskGw::on_trade_recon_orders	FALSE_POSITIVE	GAP-BOUNDED-INPUT-LOOP	OpenOrderSlot literal per snapshot row; handler scratch, reclaimed at exit
/home/riley/code/hale-lang/fathom/apps/riskgw/main.hl:2101:81	struct OpenOrderSlot	LOOP	RiskGw::on_trade_recon_orders	FALSE_POSITIVE	GAP-BOUNDED-INPUT-LOOP	OpenOrderSlot default literal per snapshot row; handler scratch, reclaimed at exit
/home/riley/code/hale-lang/fathom/apps/riskgw/main.hl:2148:49	struct OpenOrderSlot	LOOP	RiskGw::on_trade_recon_orders	FALSE_POSITIVE	GAP-OTHER	OpenOrderSlot literal in open_orders walk; handler scratch dies at exit, loop bound irrelevant
/home/riley/code/hale-lang/fathom/apps/riskgw/main.hl:2247:9	hashmap-insert	INVOKED	RiskGw::record_orphan_slot	TRUE_POSITIVE	-	open_orders.set: fresh oid key per recorded orphan; tombstone-only map, row never removed
/home/riley/code/hale-lang/fathom/apps/riskgw/main.hl:2248:9	hashmap-insert	INVOKED	RiskGw::record_orphan_slot	TRUE_POSITIVE	-	venue_orders.set: fresh vid key per recorded orphan; never removed → population growth
/home/riley/code/hale-lang/fathom/apps/riskgw/main.hl:2310:17	hashmap-insert	LOOP	RiskGw::on_trade_recon_balances	TRUE_POSITIVE	-	venue_bal.set per recon snapshot row: bounded keys, String key+account anchored per set; slow leak: string anchor per set
/home/riley/code/hale-lang/fathom/apps/riskgw/main.hl:2310:36	struct VenueBalSlot	LOOP	RiskGw::on_trade_recon_balances	FALSE_POSITIVE	GAP-BOUNDED-INPUT-LOOP	VenueBalSlot literal in loop over one message's rows; handler scratch reclaims (growth charged to paired insert)
/home/riley/code/hale-lang/fathom/apps/riskgw/main.hl:2352:21	hashmap-insert	LOOP	RiskGw::recompute_reserves	TRUE_POSITIVE	-	cap_reserved rewrite on drift-heal: existing keys but fresh key String anchored per set; slow leak: string anchor per set
/home/riley/code/hale-lang/fathom/apps/riskgw/main.hl:2352:43	struct CapSlot	LOOP	RiskGw::recompute_reserves	FALSE_POSITIVE	GAP-BOUNDED-INPUT-LOOP	CapSlot literal; walk over config-bounded cap keys, method scratch reclaims
/home/riley/code/hale-lang/fathom/apps/riskgw/main.hl:2369:21	hashmap-insert	LOOP	RiskGw::recompute_reserves	TRUE_POSITIVE	-	gross_reserved rewrite on drift-heal: fresh desk-key String anchored per set; slow leak: string anchor per set
/home/riley/code/hale-lang/fathom/apps/riskgw/main.hl:2369:45	struct GrossSlot	LOOP	RiskGw::recompute_reserves	FALSE_POSITIVE	GAP-BOUNDED-INPUT-LOOP	GrossSlot literal; config-bounded desk-key walk, method scratch reclaims
/home/riley/code/hale-lang/fathom/apps/riskgw/main.hl:2387:49	struct OpenOrderSlot	LOOP	RiskGw::sum_live_notional	FALSE_POSITIVE	GAP-OTHER	OpenOrderSlot default literal in method scratch; reclaimed at sum_live_notional exit
/home/riley/code/hale-lang/fathom/apps/riskgw/main.hl:2416:49	struct OpenOrderSlot	LOOP	RiskGw::venue_reserved	FALSE_POSITIVE	GAP-OTHER	OpenOrderSlot default literal in method scratch; reclaimed at venue_reserved exit
/home/riley/code/hale-lang/fathom/apps/riskgw/main.hl:2445:56	struct VenueBalSlot	LOOP	RiskGw::publish_snapshot_venues	FALSE_POSITIVE	GAP-OTHER	VenueBalSlot default literal in method scratch; reclaimed at method exit
/home/riley/code/hale-lang/fathom/apps/riskgw/main.hl:2503:9	hashmap-insert	INVOKED	RiskGw::on_halt_set	TRUE_POSITIVE	-	halted.set: bounded desk keys, fresh key String per admin halt; slow leak: string anchor per set (rare cadence)
/home/riley/code/hale-lang/fathom/apps/riskgw/main.hl:2529:9	hashmap-insert	INVOKED	RiskGw::on_mark	TRUE_POSITIVE	-	marks.set on HIGH-RATE md.book.signal: bounded symbol keys but key+packed anchored per message — fastest leak in file
/home/riley/code/hale-lang/fathom/apps/riskgw/main.hl:2648:9	hashmap-insert	INVOKED	RiskGw::__rebalance_to	TRUE_POSITIVE	-	open_orders.set: monotonic oid key per rebalance; tombstone-only map (no delete) → row per order forever
/home/riley/code/hale-lang/fathom/apps/riskgw/main.hl:2716:9	hashmap-insert	INVOKED	RiskGw::flat_set	TRUE_POSITIVE	-	flattening.set: bounded desk|symbol keys, fresh key String per arm/clear transition; slow leak: string anchor per set
/home/riley/code/hale-lang/fathom/apps/riskgw/main.hl:2724:9	hashmap-insert	INVOKED	RiskGw::rebal_mark	TRUE_POSITIVE	-	rebalances: monotonic oid keys, comment says marker "need not be cleared" — one row per house rebalance forever
/home/riley/code/hale-lang/fathom/apps/riskgw/main.hl:2806:9	hashmap-insert	INVOKED	RiskGw::rate_check	TRUE_POSITIVE	-	rate_windows.set: bounded desk|symbol keys, key+packed refreshed per priced order attempt; slow leak: string anchor per set
/home/riley/code/hale-lang/fathom/apps/riskgw/main.hl:2863:24	struct GreaseEp	LOOP	RiskGw::grease_for	FALSE_POSITIVE	GAP-BOUNDED-INPUT-LOOP	GreaseEp built over config/grease walk; returned into handler scratch, reclaimed at handler exit
/home/riley/code/hale-lang/fathom/apps/riskgw/main.hl:2875:16	struct GreaseEp	INVOKED	RiskGw::grease_for	FALSE_POSITIVE	GAP-OTHER	single per-call default GreaseEp; consumed in on_order_intent handler scratch, reclaimed per dispatch
/home/riley/code/hale-lang/fathom/apps/riskgw/main.hl:2907:9	hashmap-insert	INVOKED	RiskGw::cap_add	TRUE_POSITIVE	-	cap_reserved: bounded keys but fresh key String per set; per order/fill/cancel; slow leak: string anchor per set
/home/riley/code/hale-lang/fathom/apps/riskgw/main.hl:2917:9	hashmap-insert	INVOKED	RiskGw::gross_add	TRUE_POSITIVE	-	gross_reserved: bounded desk keys, fresh key String per order event; slow leak: string anchor per set
/home/riley/code/hale-lang/fathom/apps/riskgw/main.hl:2928:9	hashmap-insert	INVOKED	RiskGw::open_cnt_add	TRUE_POSITIVE	-	open_counts: bounded desk keys, fresh key String per order event; slow leak: string anchor per set
/home/riley/code/hale-lang/fathom/apps/riskgw/main.hl:2948:9	hashmap-insert	INVOKED	RiskGw::margin_add	TRUE_POSITIVE	-	margin_used: bounded keys, fresh key String per fill; slow leak: string anchor per set
/home/riley/code/hale-lang/fathom/apps/riskgw/main.hl:2958:9	hashmap-insert	INVOKED	RiskGw::realized_add	TRUE_POSITIVE	-	realized_pnl.set: bounded keys, fresh key String per fill; slow leak: string anchor per set
/home/riley/code/hale-lang/fathom/apps/riskgw/main.hl:2975:9	hashmap-insert	INVOKED	RiskGw::realcash_set	TRUE_POSITIVE	-	real_cash.set: bounded keys, fresh key String per balance tick; slow leak: string anchor per set
/home/riley/code/hale-lang/fathom/apps/riskgw/main.hl:3007:9	hashmap-insert	INVOKED	RiskGw::position_apply	TRUE_POSITIVE	-	positions.set: fresh key+packed String anchored per fill (position fold); slow leak: string anchor per set
/home/riley/code/hale-lang/fathom/apps/riskgw/main.hl:3064:13	hashmap-insert	INVOKED	RiskGw::on_fill	TRUE_POSITIVE	-	recent_terms: unbounded venue-txid keys, one per filled order, never evicted (120s window checked, never pruned)
/home/riley/code/hale-lang/fathom/apps/riskgw/main.hl:3075:9	hashmap-insert	INVOKED	RiskGw::on_fill	TRUE_POSITIVE	-	open_orders tombstone: existing key, but fresh to_string(oid) key anchored per fill; slow leak: string anchor per set
/home/riley/code/hale-lang/fathom/apps/riskgw/main.hl:3093:9	hashmap-insert	INVOKED	RiskGw::on_fill	TRUE_POSITIVE	-	fills_seen: unbounded venue_fill_id keys, one per fill, deliberately never removed (idempotency log)
/home/riley/code/hale-lang/fathom/apps/riskgw/main.hl:3236:12	struct AllocRec	INVOKED	alloc_split	FALSE_POSITIVE	GAP-BOUNDED-INPUT-LOOP	alloc_split result local to caller-method scratch; config-bounded record walk
/home/riley/code/hale-lang/fathom/apps/riskgw/main.hl:3256:12	struct LimitRec	INVOKED	limit_split	FALSE_POSITIVE	GAP-BOUNDED-INPUT-LOOP	limit_split result local to caller-method scratch; config-bounded
/home/riley/code/hale-lang/fathom/apps/riskgw/main.hl:3282:12	struct DeskRec	INVOKED	desk_split	FALSE_POSITIVE	GAP-BOUNDED-INPUT-LOOP	desk_split result local to caller-method scratch; config-bounded
/home/riley/code/hale-lang/fathom/apps/riskgw/main.hl:3384:30	struct AllocIter	INVOKED	__astep	FALSE_POSITIVE	GAP-BOUNDED-INPUT-LOOP	free-fn AllocIter lands in calling method/handler scratch; config-record walk; reclaimed at method exit
/home/riley/code/hale-lang/fathom/apps/riskgw/main.hl:3387:24	struct AllocIter	INVOKED	__astep	FALSE_POSITIVE	GAP-BOUNDED-INPUT-LOOP	same __astep shape; caller-method scratch reclaims; only pre-loop run() calls are one-shot
/home/riley/code/hale-lang/fathom/apps/riskgw/main.hl:3388:12	struct AllocIter	INVOKED	__astep	FALSE_POSITIVE	GAP-BOUNDED-INPUT-LOOP	same __astep shape; scratch-reclaimed per caller method call
/home/riley/code/hale-lang/fathom/apps/riskgw/main.hl:830:61	struct RateSlot	LOOP	RiskGw::publish_safety	FALSE_POSITIVE	GAP-OTHER	RateSlot default literal in publish_safety method scratch; reclaimed at method exit
/home/riley/code/hale-lang/fathom/apps/riskgw/main.hl:849:59	struct StrategyLiveSlot	LOOP	RiskGw::publish_safety	FALSE_POSITIVE	GAP-OTHER	StrategyLiveSlot default literal in method scratch; reclaimed at method exit
/home/riley/code/hale-lang/fathom/apps/riskgw/main.hl:906:20	struct DeskConfig	INVOKED	RiskGw::on_limit_set	TRUE_POSITIVE	-	self.cfg compound assign per limit.set: config-sized String clone anchored per admin edit; slow
/home/riley/code/hale-lang/fathom/apps/riskgw/main.hl:955:28	struct DeskConfig	INVOKED	RiskGw::on_desk_create	TRUE_POSITIVE	-	self.cfg compound assign per desk.create: config-sized String clone anchored per admin edit; slow
/home/riley/code/hale-lang/fathom/apps/smoke-evm-discovery/main.hl:178:12	struct disc::FactorySpec	INVOKED	factory_at	FALSE_POSITIVE	GAP-SHORT-LIVED	one-shot smoke: Main.run() scans nfac factories, prints totals, returns — process exits
/home/riley/code/hale-lang/fathom/apps/smoke-evm-discovery/main.hl:187:12	struct disc::FactorySpec	INVOKED	parse_factory_rec	FALSE_POSITIVE	GAP-SHORT-LIVED	same one-shot program; FactorySpec per config factory (bounded) then exit
/home/riley/code/hale-lang/fathom/apps/smoke-realized-pnl/main.hl:153:47	struct CostSlot	LOOP	SmokeRealizedPnl::backfill	FALSE_POSITIVE	GAP-SHORT-LIVED	backfill() called once from run(); run() ends after prints — process exits
/home/riley/code/hale-lang/fathom/apps/smoke-realized-pnl/main.hl:155:31	struct CostSlot	LOOP	SmokeRealizedPnl::backfill	FALSE_POSITIVE	GAP-SHORT-LIVED	same one-shot backfill over one CSV, then exit
/home/riley/code/hale-lang/fathom/apps/smoke-recon-readopt/main.hl:64:39	struct OrdRec	INVOKED	ReconReadoptDrive::on_order_intent	FALSE_POSITIVE	GAP-SHORT-LIVED	OrdRec into fixed [OrdRec;8] capped by n_ord<8; run() sleeps ~14s and returns — process exits
/home/riley/code/hale-lang/fathom/apps/spectrum/main.hl:181:9	hashmap-insert	INVOKED	SpectrumCoord::dem_set	FALSE_POSITIVE	GAP-SCALAR-UPSERT	DemandSlot = key + Int; leg domain bounded by config/markets; in-place overwrite
/home/riley/code/hale-lang/fathom/apps/spectrum/main.hl:192:9	hashmap-insert	INVOKED	SpectrumCoord::sa_set	FALSE_POSITIVE	GAP-SCALAR-UPSERT	SigActiveSlot = key + Bool; bounded product|instrument domain; in-place overwrite
/home/riley/code/hale-lang/fathom/apps/spectrum/main.hl:369:30	hashmap-insert	LOOP	SpectrumCoord::on_sig_unsub_all	FALSE_POSITIVE	GAP-SCALAR-UPSERT	zero-out of existing demand keys; scalar cell, bounded domain
/home/riley/code/hale-lang/fathom/apps/spectrum/main.hl:369:46	struct DemandSlot	LOOP	SpectrumCoord::on_sig_unsub_all	FALSE_POSITIVE	GAP-BOUNDED-INPUT-LOOP	Local DemandSlot literal; loop over config-bounded demand_keys; handler scratch reclaimed
/home/riley/code/hale-lang/fathom/apps/tapelag/main.hl:55:18	struct tl::TapeEvent	INVOKED	TapeLag::on_tick	TRUE_POSITIVE	-	same ring-store anchor per buffered public tick — md-rate leak on a forever daemon (duration_s=0)
/home/riley/code/hale-lang/fathom/apps/tapelag/main.hl:68:18	struct tl::TapeEvent	INVOKED	TapeLag::on_fill	TRUE_POSITIVE	-	TapeEvent (String symbol/side) stored into [TapeEvent;256] ring: compound-element store anchors fresh Strings per fill, old clones never freed
/home/riley/code/hale-lang/fathom/apps/theo/main.hl:1123:49	struct TobSlot	LOOP	TheoCompute::max_fresh_wire	FALSE_POSITIVE	GAP-BOUNDED-INPUT-LOOP	`or TobSlot{}` in max_fresh_wire's bounded venue walk; handler scratch
/home/riley/code/hale-lang/fathom/apps/theo/main.hl:1141:31	struct VenueCursor	INVOKED	TheoCompute::venue_cursor_at	FALSE_POSITIVE	GAP-BOUNDED-INPUT-LOOP	Local VenueCursor return in bounded venue iteration; handler scratch reclaimed
/home/riley/code/hale-lang/fathom/apps/theo/main.hl:1143:28	struct VenueCursor	INVOKED	TheoCompute::venue_cursor_at	FALSE_POSITIVE	GAP-BOUNDED-INPUT-LOOP	same VenueCursor shape
/home/riley/code/hale-lang/fathom/apps/theo/main.hl:1145:16	struct VenueCursor	INVOKED	TheoCompute::venue_cursor_at	FALSE_POSITIVE	GAP-BOUNDED-INPUT-LOOP	same VenueCursor shape
/home/riley/code/hale-lang/fathom/apps/theo/main.hl:312:9	hashmap-insert	INVOKED	TheoCoord::dem_set	FALSE_POSITIVE	GAP-SCALAR-UPSERT	DemandSlot = key + Int; config-bounded leg domain; in-place overwrite
/home/riley/code/hale-lang/fathom/apps/theo/main.hl:398:9	hashmap-insert	INVOKED	TheoCoord::sa_set	FALSE_POSITIVE	GAP-SCALAR-UPSERT	SigActiveSlot = key + Bool; bounded domain; in-place overwrite
/home/riley/code/hale-lang/fathom/apps/theo/main.hl:596:30	hashmap-insert	LOOP	TheoCoord::on_sig_unsub_all	FALSE_POSITIVE	GAP-SCALAR-UPSERT	zero-out of existing keys; scalar cell, bounded domain
/home/riley/code/hale-lang/fathom/apps/theo/main.hl:596:46	struct DemandSlot	LOOP	TheoCoord::on_sig_unsub_all	FALSE_POSITIVE	GAP-BOUNDED-INPUT-LOOP	Local DemandSlot literal; bounded demand_keys walk; handler scratch reclaimed
/home/riley/code/hale-lang/fathom/apps/theo/main.hl:741:9	hashmap-insert	INVOKED	TheoCompute::on_book	TRUE_POSITIVE	-	tob.set: TobSlot.packed (incl. symbol + 20-field curve) refreshed per book msg; string anchor per set, md rate
/home/riley/code/hale-lang/fathom/apps/theo/main.hl:811:49	struct TobSlot	LOOP	TheoCompute::consolidate	FALSE_POSITIVE	GAP-BOUNDED-INPUT-LOOP	`or TobSlot{}` in consolidate's bounded venue walk; on_book handler scratch reclaimed
/home/riley/code/hale-lang/fathom/apps/theo/main.hl:996:33	array-repeat	INVOKED	TheoCompute::curve4	FALSE_POSITIVE	GAP-BOUNDED-FORM	Local fixed [Float;4] repeat, capped by construction; handler scratch reclaimed per dispatch
/home/riley/code/hale-lang/fathom/lib/config/load.hl:109:38	struct ConfigError	LOOP	load_venue	FALSE_POSITIVE	GAP-BOUNDED-INPUT-LOOP	same shape: fail-and-exit literal, one-shot startup config parse
/home/riley/code/hale-lang/fathom/lib/config/load.hl:121:34	struct ConfigError	LOOP	load_venue	FALSE_POSITIVE	GAP-BOUNDED-INPUT-LOOP	same shape: fail-and-exit literal (unknown_verb), one-shot startup config parse
/home/riley/code/hale-lang/fathom/lib/config/load.hl:163:10	struct ConfigError	INVOKED	__raise_bad_int	FALSE_POSITIVE	GAP-BOUNDED-INPUT-LOOP	fail path: ≤1 ConfigError per load_venue call; called once at mdgw run() start; failure raises, process exits
/home/riley/code/hale-lang/fathom/lib/config/load.hl:65:38	struct ConfigError	LOOP	load_venue	FALSE_POSITIVE	GAP-BOUNDED-INPUT-LOOP	fail exits fn: ≤1 alloc per parse; loop bounded by config file; invoked once at startup
/home/riley/code/hale-lang/fathom/lib/config/load.hl:74:38	struct ConfigError	LOOP	load_venue	FALSE_POSITIVE	GAP-BOUNDED-INPUT-LOOP	same shape: fail-and-exit literal, one-shot startup config parse
/home/riley/code/hale-lang/fathom/lib/config/load.hl:84:38	struct ConfigError	LOOP	load_venue	FALSE_POSITIVE	GAP-BOUNDED-INPUT-LOOP	same shape: fail-and-exit literal, one-shot startup config parse
/home/riley/code/hale-lang/fathom/lib/config/load.hl:94:38	struct ConfigError	LOOP	load_venue	FALSE_POSITIVE	GAP-BOUNDED-INPUT-LOOP	same shape: fail-and-exit literal, one-shot startup config parse
/home/riley/code/hale-lang/fathom/lib/domain/book.hl:277:36	struct BookLevel	LOOP	BookSignal::remove_bid_at	FALSE_POSITIVE	GAP-INPLACE-STORE	clone of remove_ask_at: all-scalar struct in-place array store, const-bounded loop
/home/riley/code/hale-lang/fathom/lib/domain/book.hl:310:28	struct BookLevel	LOOP	BookSignal::upsert_bid	FALSE_POSITIVE	GAP-INPLACE-STORE	clone of upsert_ask on bid side; all-scalar in-place array store
/home/riley/code/hale-lang/fathom/lib/domain/book.hl:327:36	struct BookLevel	LOOP	BookSignal::remove_ask_at	FALSE_POSITIVE	GAP-INPLACE-STORE	all-scalar BookLevel(Decimal,Decimal) memcpy into fixed [BookLevel;100] slot; shift loop const-bounded at 100
/home/riley/code/hale-lang/fathom/lib/domain/book.hl:360:28	struct BookLevel	LOOP	BookSignal::upsert_ask	FALSE_POSITIVE	GAP-INPLACE-STORE	upsert shift: all-scalar BookLevel into fixed array slot, in-place, bounded 100
/home/riley/code/hale-lang/fathom/lib/mdgw/mdgw.hl:256:25	struct d::VenueSubscription	LOOP	sink_unsub_all	FALSE_POSITIVE	GAP-BOUNDED-INPUT-LOOP	Local VenueSubscription per live sub in on_unsub_all bus-handler scratch; loop bounded by submgr.len(); reclaimed at handler exit
/home/riley/code/hale-lang/fathom/lib/probe/probe.hl:53:26	struct __Level	INVOKED	__next_level	FALSE_POSITIVE	GAP-BOUNDED-INPUT-LOOP	all-scalar __Level per level of one pipe-encoded L2 string; callers: smoke one-shots + prober method scratch
/home/riley/code/hale-lang/fathom/lib/probe/probe.hl:58:27	struct __Level	INVOKED	__next_level	FALSE_POSITIVE	GAP-BOUNDED-INPUT-LOOP	same __next_level shape; Local all-scalar, input-bounded parse loop
/home/riley/code/hale-lang/fathom/lib/probe/probe.hl:61:12	struct __Level	INVOKED	__next_level	FALSE_POSITIVE	GAP-BOUNDED-INPUT-LOOP	same __next_level shape; Local all-scalar, input-bounded parse loop
/home/riley/code/hale-lang/fathom/lib/refdata/persist.hl:230:12	struct rd::Asset	INVOKED	parse_asset_element	FALSE_POSITIVE	GAP-SHORT-LIVED	load_snapshot's only caller is smoke-refdata-persist (one-shot); insert bounded by one snapshot anyway
/home/riley/code/hale-lang/fathom/lib/refdata/persist.hl:243:12	struct rd::Venue	INVOKED	parse_venue_element	FALSE_POSITIVE	GAP-SHORT-LIVED	clone: snapshot element parse, one-shot smoke caller only
/home/riley/code/hale-lang/fathom/lib/refdata/persist.hl:262:12	struct rd::ContractType	INVOKED	parse_contract_type_element	FALSE_POSITIVE	GAP-SHORT-LIVED	clone: snapshot element parse, one-shot smoke caller only
/home/riley/code/hale-lang/fathom/lib/refdata/persist.hl:269:12	struct rd::Contract	INVOKED	parse_contract_element	FALSE_POSITIVE	GAP-SHORT-LIVED	clone: snapshot element parse, one-shot smoke caller only
/home/riley/code/hale-lang/fathom/lib/refdata/pgstore/pgstore.hl:474:12	struct rd::Asset	INVOKED	__row_to_asset	FALSE_POSITIVE	GAP-BOUNDED-INPUT-LOOP	rows of one query; load_all called once from refstore birth (+one-shot smoke); catalog population bounded by table
/home/riley/code/hale-lang/fathom/lib/refdata/pgstore/pgstore.hl:486:12	struct rd::Venue	INVOKED	__row_to_venue	FALSE_POSITIVE	GAP-BOUNDED-INPUT-LOOP	clone: one-time birth catalog load, row-bounded
/home/riley/code/hale-lang/fathom/lib/refdata/pgstore/pgstore.hl:505:12	struct rd::ContractType	INVOKED	__row_to_contract_type	FALSE_POSITIVE	GAP-BOUNDED-INPUT-LOOP	clone: one-time birth catalog load, row-bounded
/home/riley/code/hale-lang/fathom/lib/refdata/pgstore/pgstore.hl:512:12	struct rd::Contract	INVOKED	__row_to_contract	FALSE_POSITIVE	GAP-BOUNDED-INPUT-LOOP	clone: one-time birth catalog load, row-bounded
/home/riley/code/hale-lang/fathom/lib/trade-libs/backtest/backtest.hl:279:29	struct decf::DecimalFloat	LOOP	Backtester::_replay	FALSE_POSITIVE	GAP-BOUNDED-INPUT-LOOP	per-row DecimalFloat{} in _replay METHOD scratch (not run), bounded by feed rows, reclaimed at exit; backtest one-shot
/home/riley/code/hale-lang/fathom/lib/trade-libs/risk/risk_gate.hl:223:32	struct RiskBreach	INVOKED	RiskGate::check	FALSE_POSITIVE	GAP-SHORT-LIVED	RiskGate born only in breach-demo/backtest one-shots; NOTE latent slow leak (fresh s.symbol anchors per last_breach set) if a daemon adopts it
/home/riley/code/hale-lang/fathom/lib/trade-libs/risk/risk_gate.hl:243:32	struct RiskBreach	INVOKED	RiskGate::check	FALSE_POSITIVE	GAP-SHORT-LIVED	clone of 223: latent string-anchor per assignment, but no long-lived caller exists
/home/riley/code/hale-lang/fathom/lib/trade-libs/risk/risk_gate.hl:258:32	struct RiskBreach	INVOKED	RiskGate::check	FALSE_POSITIVE	GAP-SHORT-LIVED	clone of 223: latent string-anchor per assignment, but no long-lived caller exists
/home/riley/code/hale-lang/fathom/lib/trade-libs/risk/risk_gate.hl:296:32	struct RiskBreach	INVOKED	RiskGate::check	FALSE_POSITIVE	GAP-SHORT-LIVED	clone of 223: latent string-anchor per assignment, but no long-lived caller exists
/home/riley/code/hale-lang/fathom/lib/trade-libs/risk/risk_gate.hl:309:28	struct RiskBreach	INVOKED	RiskGate::check	FALSE_POSITIVE	GAP-INPLACE-STORE	clear-breach literal is all static ""/literal strings — static literals skipped, in-place struct store
/home/riley/code/hale-lang/fathom/lib/venues/binance/refdata/parse.hl:50:26	struct BinanceRefdataParseError	INVOKED	parse_symbol_object	FALSE_POSITIVE	GAP-BOUNDED-INPUT-LOOP	fail exits fn: ≤1 error per element, caught by or-sentinel; method scratch reclaims per scrape call
/home/riley/code/hale-lang/fathom/lib/venues/binance/refdata/parse.hl:52:27	struct BinanceRefdataParseError	INVOKED	parse_symbol_object	FALSE_POSITIVE	GAP-BOUNDED-INPUT-LOOP	same fail-and-exit error-literal shape
/home/riley/code/hale-lang/fathom/lib/venues/binance/refdata/parse.hl:63:30	struct BinanceRefdataParseError	INVOKED	parse_symbol_object	FALSE_POSITIVE	GAP-BOUNDED-INPUT-LOOP	same fail-and-exit error-literal shape
/home/riley/code/hale-lang/fathom/lib/venues/binance/refdata/parse.hl:70:12	struct rd::Contract	INVOKED	parse_symbol_object	FALSE_POSITIVE	GAP-BUS-ESCAPE	returned Contract flows into RefDataUpdateBinance bus publish; reclaimed per dispatch
/home/riley/code/hale-lang/fathom/lib/venues/binance/refdata/scraper.hl:185:12	struct rd::Contract	INVOKED	__parse_sentinel	FALSE_POSITIVE	GAP-BOUNDED-INPUT-LOOP	sentinel Contract{symbol:""} (static), Local in consider_symbol method scratch, checked and dropped
/home/riley/code/hale-lang/fathom/lib/venues/bybit/refdata/parse.hl:49:30	struct BybitRefdataParseError	INVOKED	parse_pair_object	FALSE_POSITIVE	GAP-BOUNDED-INPUT-LOOP	clone: fail-and-exit error literal, or-sentinel caught, scratch-reclaimed
/home/riley/code/hale-lang/fathom/lib/venues/bybit/refdata/parse.hl:56:12	struct rd::Contract	INVOKED	parse_pair_object	FALSE_POSITIVE	GAP-BUS-ESCAPE	clone: returned Contract published as RefDataUpdateBybit; reclaimed per dispatch
/home/riley/code/hale-lang/fathom/lib/venues/bybit/refdata/scraper.hl:188:12	struct rd::Contract	INVOKED	__parse_sentinel	FALSE_POSITIVE	GAP-BOUNDED-INPUT-LOOP	clone: static sentinel Contract, Local, dropped in method scratch
/home/riley/code/hale-lang/fathom/lib/venues/coinbase/refdata/parse.hl:47:14	struct CoinbaseRefdataParseError	INVOKED	parse_product_response	FALSE_POSITIVE	GAP-BOUNDED-INPUT-LOOP	clone: fail-and-exit error literal, or-sentinel caught, scratch-reclaimed
/home/riley/code/hale-lang/fathom/lib/venues/coinbase/refdata/parse.hl:51:14	struct CoinbaseRefdataParseError	INVOKED	parse_product_response	FALSE_POSITIVE	GAP-BOUNDED-INPUT-LOOP	clone: fail-and-exit error literal
/home/riley/code/hale-lang/fathom/lib/venues/coinbase/refdata/parse.hl:62:14	struct CoinbaseRefdataParseError	INVOKED	parse_product_response	FALSE_POSITIVE	GAP-BOUNDED-INPUT-LOOP	clone: fail-and-exit error literal
/home/riley/code/hale-lang/fathom/lib/venues/coinbase/refdata/parse.hl:79:12	struct rd::Contract	INVOKED	parse_product_response	FALSE_POSITIVE	GAP-BUS-ESCAPE	clone: returned Contract published as RefDataUpdateCoinbase; reclaimed per dispatch
/home/riley/code/hale-lang/fathom/lib/venues/coinbase/refdata/scraper.hl:184:12	struct rd::Contract	INVOKED	__parse_sentinel	FALSE_POSITIVE	GAP-BOUNDED-INPUT-LOOP	clone: static sentinel Contract, Local, dropped in method scratch
/home/riley/code/hale-lang/fathom/lib/venues/gateio/refdata/parse.hl:26:26	struct GateioRefdataParseError	INVOKED	parse_pair_response	FALSE_POSITIVE	GAP-BOUNDED-INPUT-LOOP	clone: fail-and-exit error literal, or-sentinel caught, scratch-reclaimed
/home/riley/code/hale-lang/fathom/lib/venues/gateio/refdata/parse.hl:28:27	struct GateioRefdataParseError	INVOKED	parse_pair_response	FALSE_POSITIVE	GAP-BOUNDED-INPUT-LOOP	clone: fail-and-exit error literal
/home/riley/code/hale-lang/fathom/lib/venues/gateio/refdata/parse.hl:40:12	struct rd::Contract	INVOKED	parse_pair_response	FALSE_POSITIVE	GAP-BUS-ESCAPE	clone: returned Contract published as RefDataUpdateGateio; reclaimed per dispatch
/home/riley/code/hale-lang/fathom/lib/venues/gateio/refdata/scraper.hl:186:12	struct rd::Contract	INVOKED	__parse_sentinel	FALSE_POSITIVE	GAP-BOUNDED-INPUT-LOOP	clone: static sentinel Contract, Local, dropped in method scratch
/home/riley/code/hale-lang/fathom/lib/venues/hyperliquid/refdata/parse.hl:33:26	struct HyperliquidRefdataParseError	INVOKED	parse_universe_entry	FALSE_POSITIVE	GAP-BOUNDED-INPUT-LOOP	clone: fail-and-exit error literal, or-sentinel caught, scratch-reclaimed
/home/riley/code/hale-lang/fathom/lib/venues/hyperliquid/refdata/parse.hl:57:12	struct rd::Contract	INVOKED	parse_universe_entry	FALSE_POSITIVE	GAP-BUS-ESCAPE	clone: returned Contract published as RefDataUpdateHyperliquid; reclaimed per dispatch
/home/riley/code/hale-lang/fathom/lib/venues/hyperliquid/refdata/scraper.hl:164:12	struct rd::Contract	INVOKED	__parse_sentinel	FALSE_POSITIVE	GAP-BOUNDED-INPUT-LOOP	clone: static sentinel Contract, Local, dropped in method scratch
/home/riley/code/hale-lang/fathom/lib/venues/kraken/refdata/parse.hl:101:14	struct KrakenRefdataParseError	INVOKED	parse_pair_object	FALSE_POSITIVE	GAP-BOUNDED-INPUT-LOOP	clone: fail-and-exit error literal
/home/riley/code/hale-lang/fathom/lib/venues/kraken/refdata/parse.hl:105:14	struct KrakenRefdataParseError	INVOKED	parse_pair_object	FALSE_POSITIVE	GAP-BOUNDED-INPUT-LOOP	clone: fail-and-exit error literal
/home/riley/code/hale-lang/fathom/lib/venues/kraken/refdata/parse.hl:117:14	struct KrakenRefdataParseError	INVOKED	parse_pair_object	FALSE_POSITIVE	GAP-BOUNDED-INPUT-LOOP	clone: fail-and-exit error literal
/home/riley/code/hale-lang/fathom/lib/venues/kraken/refdata/parse.hl:120:14	struct KrakenRefdataParseError	INVOKED	parse_pair_object	FALSE_POSITIVE	GAP-BOUNDED-INPUT-LOOP	clone: fail-and-exit error literal
/home/riley/code/hale-lang/fathom/lib/venues/kraken/refdata/parse.hl:136:12	struct rd::Contract	INVOKED	parse_pair_object	FALSE_POSITIVE	GAP-BUS-ESCAPE	clone: returned Contract published as RefDataUpdateKraken; reclaimed per dispatch
/home/riley/code/hale-lang/fathom/lib/venues/kraken/refdata/parse.hl:97:14	struct KrakenRefdataParseError	INVOKED	parse_pair_object	FALSE_POSITIVE	GAP-BOUNDED-INPUT-LOOP	clone: fail-and-exit error literal, or-sentinel caught, scratch-reclaimed
/home/riley/code/hale-lang/fathom/lib/venues/kraken/refdata/scraper.hl:198:12	struct rd::Contract	INVOKED	__parse_sentinel	FALSE_POSITIVE	GAP-BOUNDED-INPUT-LOOP	clone: static sentinel Contract, Local, dropped in method scratch
/home/riley/code/hale-lang/fathom/lib/venues/okx/refdata/parse.hl:26:26	struct OkxRefdataParseError	INVOKED	parse_instrument	FALSE_POSITIVE	GAP-BOUNDED-INPUT-LOOP	clone: fail-and-exit error literal, or-sentinel caught, scratch-reclaimed
/home/riley/code/hale-lang/fathom/lib/venues/okx/refdata/parse.hl:28:27	struct OkxRefdataParseError	INVOKED	parse_instrument	FALSE_POSITIVE	GAP-BOUNDED-INPUT-LOOP	clone: fail-and-exit error literal
/home/riley/code/hale-lang/fathom/lib/venues/okx/refdata/parse.hl:36:30	struct OkxRefdataParseError	INVOKED	parse_instrument	FALSE_POSITIVE	GAP-BOUNDED-INPUT-LOOP	clone: fail-and-exit error literal
/home/riley/code/hale-lang/fathom/lib/venues/okx/refdata/parse.hl:43:12	struct rd::Contract	INVOKED	parse_instrument	FALSE_POSITIVE	GAP-BUS-ESCAPE	clone: returned Contract published as RefDataUpdateOkx; reclaimed per dispatch
/home/riley/code/hale-lang/fathom/lib/venues/okx/refdata/scraper.hl:179:12	struct rd::Contract	INVOKED	__parse_sentinel	FALSE_POSITIVE	GAP-BOUNDED-INPUT-LOOP	clone: static sentinel Contract, Local, dropped in method scratch
/home/riley/code/hale-lang/pond/agent/conversation/conversation.hl:110:24	struct Message	LOOP	Conversation::append	FALSE_POSITIVE	GAP-BOUNDED-FORM	history is `bounded[Message; 128]` (line 67); eviction loop capped at 128; fallback literal is method-scratch
/home/riley/code/hale-lang/pond/agent/embeddings/embeddings.hl:137:13	vec-insert	LOOP	Store::add	TRUE_POSITIVE	-	flat.push adds dim floats per add(); long-lived Store, no cap; remove() only caller-optional balance — corpus growth unbounded (by design)
/home/riley/code/hale-lang/pond/agent/embeddings/embeddings.hl:250:13	vec-insert	LOOP	Store::remove_at	FALSE_POSITIVE	GAP-INPLACE-STORE	ids.set overwrites String cell in place during shift; remove_at net-shrinks (trailing pops)
/home/riley/code/hale-lang/pond/agent/embeddings/embeddings.hl:251:13	vec-insert	LOOP	Store::remove_at	FALSE_POSITIVE	GAP-INPLACE-STORE	metas.set same shape: in-place String cell overwrite in a shrinking op
/home/riley/code/hale-lang/pond/agent/embeddings/embeddings.hl:263:13	vec-insert	LOOP	Store::remove_at	FALSE_POSITIVE	GAP-SCALAR-UPSERT	flat.set Float cell, in-place; loop bounded by current row count, balanced by pops
/home/riley/code/hale-lang/pond/agent/llm/sse.hl:107:16	struct __NextResult	INVOKED	next_data_line	FALSE_POSITIVE	GAP-BOUNDED-INPUT-LOOP	same drain loop; no-frame early return; NOT bounded-form — SseBuffer.buf is plain String (verified line 43)
/home/riley/code/hale-lang/pond/agent/llm/sse.hl:165:12	struct __NextResult	INVOKED	next_data_line	FALSE_POSITIVE	GAP-BOUNDED-INPUT-LOOP	one __NextResult per frame of a finite body; consumed in method scratch
/home/riley/code/hale-lang/pond/agent/llm/sse.hl:167:20	struct SseBuffer	INVOKED	next_data_line	FALSE_POSITIVE	GAP-BOUNDED-INPUT-LOOP	per-frame SseBuffer rebuild; O(body) per frame but reclaimed at stream() exit
/home/riley/code/hale-lang/pond/agent/llm/sse.hl:98:16	struct __NextResult	INVOKED	next_data_line	FALSE_POSITIVE	GAP-BOUNDED-INPUT-LOOP	caller loop (AnthropicClient::stream, a method) drains one fully-fetched body; scratch reclaimed at method exit
/home/riley/code/hale-lang/pond/crypto/hex.hl:49:18	struct HexError	LOOP	hex_decode	FALSE_POSITIVE	GAP-BOUNDED-INPUT-LOOP	fail exits fn immediately; loop bounded by len(s)
/home/riley/code/hale-lang/pond/http/client/client.hl:104:14	struct HttpError	INVOKED	__round_trip_oneshot	FALSE_POSITIVE	GAP-RUNTIME-BOUNDED-WHILE	fail in oneshot; reached only via max_attempts retry loop; method scratch
/home/riley/code/hale-lang/pond/http/client/client.hl:139:24	struct HttpError	LOOP	__round_trip_with_retry	FALSE_POSITIVE	GAP-RUNTIME-BOUNDED-WHILE	last_err local reassigned inside `attempt < max_attempts` loop; free-fn scratch reclaimed at caller-method exit
/home/riley/code/hale-lang/pond/http/client/client.hl:159:12	struct Response	INVOKED	__empty_response	FALSE_POSITIVE	GAP-RUNTIME-BOUNDED-WHILE	sentinel Response reached via max_retries-capped retry loops inside methods; scratch-reclaimed
/home/riley/code/hale-lang/pond/http/client/client.hl:162:15	bytes-literal	INVOKED	__empty_response	FALSE_POSITIVE	GAP-RUNTIME-BOUNDED-WHILE	b"" literal in same sentinel; same bound
/home/riley/code/hale-lang/pond/http/client/client.hl:50:10	struct HttpError	INVOKED	__raise_connect	FALSE_POSITIVE	GAP-RUNTIME-BOUNDED-WHILE	fail HttpError per failed dial; dial attempts capped by max_retries
/home/riley/code/hale-lang/pond/http/client/keepalive.hl:111:28	struct __ChunkScan	LOOP	__scan_chunks	FALSE_POSITIVE	GAP-BOUNDED-INPUT-LOOP	scan over received buffer [start,end); return exits loop
/home/riley/code/hale-lang/pond/http/client/keepalive.hl:111:48	bytes-literal	LOOP	__scan_chunks	FALSE_POSITIVE	GAP-BOUNDED-INPUT-LOOP	b"" in same return
/home/riley/code/hale-lang/pond/http/client/keepalive.hl:113:30	struct __ChunkScan	LOOP	__scan_chunks	FALSE_POSITIVE	GAP-BOUNDED-INPUT-LOOP	same
/home/riley/code/hale-lang/pond/http/client/keepalive.hl:113:50	bytes-literal	LOOP	__scan_chunks	FALSE_POSITIVE	GAP-BOUNDED-INPUT-LOOP	same
/home/riley/code/hale-lang/pond/http/client/keepalive.hl:114:31	struct __ChunkScan	LOOP	__scan_chunks	FALSE_POSITIVE	GAP-BOUNDED-INPUT-LOOP	terminator return exits; buffer-bounded loop
/home/riley/code/hale-lang/pond/http/client/keepalive.hl:117:40	struct __ChunkScan	LOOP	__scan_chunks	FALSE_POSITIVE	GAP-BOUNDED-INPUT-LOOP	incomplete-data return exits; buffer-bounded
/home/riley/code/hale-lang/pond/http/client/keepalive.hl:117:60	bytes-literal	LOOP	__scan_chunks	FALSE_POSITIVE	GAP-BOUNDED-INPUT-LOOP	b"" in same return
/home/riley/code/hale-lang/pond/http/client/keepalive.hl:121:12	struct __ChunkScan	INVOKED	__scan_chunks	FALSE_POSITIVE	GAP-RUNTIME-BOUNDED-WHILE	post-loop return; caller __recv_framed loop max_body-capped; method scratch
/home/riley/code/hale-lang/pond/http/client/keepalive.hl:121:32	bytes-literal	INVOKED	__scan_chunks	FALSE_POSITIVE	GAP-RUNTIME-BOUNDED-WHILE	b"" in same return
/home/riley/code/hale-lang/pond/http/client/keepalive.hl:141:28	struct __FramedRead	LOOP	__recv_framed	FALSE_POSITIVE	GAP-RUNTIME-BOUNDED-WHILE	`while total < max_body` caps iterations; return exits loop
/home/riley/code/hale-lang/pond/http/client/keepalive.hl:148:29	struct __FramedRead	INVOKED	__recv_framed	FALSE_POSITIVE	GAP-RUNTIME-BOUNDED-WHILE	post-loop return; caller retry loop capped; method scratch
/home/riley/code/hale-lang/pond/http/client/keepalive.hl:159:26	struct std::bytes::BytesBuilder	LOOP	__recv_framed	FALSE_POSITIVE	GAP-RUNTIME-BOUNDED-WHILE	BytesBuilder allocated once on chunk-complete, then returns; loop max_body-capped
/home/riley/code/hale-lang/pond/http/client/keepalive.hl:162:24	struct __FramedRead	LOOP	__recv_framed	FALSE_POSITIVE	GAP-RUNTIME-BOUNDED-WHILE	return exits; max_body-capped loop
/home/riley/code/hale-lang/pond/http/client/keepalive.hl:167:32	struct __FramedRead	LOOP	__recv_framed	FALSE_POSITIVE	GAP-RUNTIME-BOUNDED-WHILE	return exits on EOF; max_body-capped loop
/home/riley/code/hale-lang/pond/http/client/keepalive.hl:172:16	struct __FramedRead	INVOKED	__recv_framed	FALSE_POSITIVE	GAP-RUNTIME-BOUNDED-WHILE	post-loop return; same bound
/home/riley/code/hale-lang/pond/http/client/keepalive.hl:185:32	struct __FramedRead	LOOP	__recv_framed	FALSE_POSITIVE	GAP-RUNTIME-BOUNDED-WHILE	Content-Length loop capped by need/max_body; return exits
/home/riley/code/hale-lang/pond/http/client/keepalive.hl:191:16	struct __FramedRead	INVOKED	__recv_framed	FALSE_POSITIVE	GAP-RUNTIME-BOUNDED-WHILE	post-loop return; same bound
/home/riley/code/hale-lang/pond/http/client/keepalive.hl:203:12	struct __FramedRead	INVOKED	__recv_framed	FALSE_POSITIVE	GAP-RUNTIME-BOUNDED-WHILE	post-loop return after read-to-close; max_body-capped
/home/riley/code/hale-lang/pond/http/client/keepalive.hl:214:26	struct __ExchangeResult	INVOKED	__exchange_on_handle	FALSE_POSITIVE	GAP-RUNTIME-BOUNDED-WHILE	__ExchangeResult returned into Client::__pooled (method) scratch; retry loop capped max_retries+1
/home/riley/code/hale-lang/pond/http/client/keepalive.hl:217:28	struct __ExchangeResult	INVOKED	__exchange_on_handle	FALSE_POSITIVE	GAP-RUNTIME-BOUNDED-WHILE	same
/home/riley/code/hale-lang/pond/http/client/keepalive.hl:221:34	struct __ExchangeResult	INVOKED	__exchange_on_handle	FALSE_POSITIVE	GAP-RUNTIME-BOUNDED-WHILE	same
/home/riley/code/hale-lang/pond/http/client/keepalive.hl:224:12	struct __ExchangeResult	INVOKED	__exchange_on_handle	FALSE_POSITIVE	GAP-RUNTIME-BOUNDED-WHILE	same
/home/riley/code/hale-lang/pond/http/client/wire.hl:231:12	struct Response	INVOKED	__parse_response	FALSE_POSITIVE	GAP-RUNTIME-BOUNDED-WHILE	one parsed Response per exchange; only reachable via retry-capped loops in method scratch
/home/riley/code/hale-lang/pond/jobs/pool.hl:194:16	struct Job	INVOKED	Worker::__on_dequeue_err	TRUE_POSITIVE	-	sentinel `Job { }` returned into Worker::run's never-destroyed scratch every 25ms idle poll — daemon mode (max_jobs=0) accumulates forever
/home/riley/code/hale-lang/pond/jobs/pool.hl:85:13	struct Worker	LOOP	Pool::birth	FALSE_POSITIVE	GAP-BOUNDED-INPUT-LOOP	Worker fan-out capped by `workers` param; children persist by design, dissolve with Pool
/home/riley/code/hale-lang/pond/logfmt/otlp_sink.hl:198:16	struct http::Response	INVOKED	OtlpSink::__handle_http	FALSE_POSITIVE	GAP-OTHER	sentinel Response returned into __post_batch (method) scratch, reclaimed at exit; no run-loop consumer in the chain
/home/riley/code/hale-lang/pond/logfmt/otlp_sink.hl:198:63	bytes-literal	INVOKED	OtlpSink::__handle_http	FALSE_POSITIVE	GAP-OTHER	b"" in same sentinel; same method-scratch lifetime
/home/riley/code/hale-lang/pond/metrics/registry.hl:90:42	struct MetricEntry	LOOP	Registry::render	FALSE_POSITIVE	GAP-BOUNDED-INPUT-LOOP	fallback MetricEntry per registered metric; render() is a method, scratch reclaimed per call
/home/riley/code/hale-lang/pond/metrics/registry.hl:99:60	struct HistogramData	LOOP	Registry::render	FALSE_POSITIVE	GAP-BOUNDED-INPUT-LOOP	fallback HistogramData, same loop; store.len() bounded by registrations
/home/riley/code/hale-lang/pond/migrations/sqlite_driver.hl:270:16	struct sqlite::Row	INVOKED	SqliteDriver::__stash_row_done	FALSE_POSITIVE	GAP-BOUNDED-INPUT-LOOP	sentinel Row per step in one result-set drain (line 162 loop) inside a query method; also one-shot migration runner
/home/riley/code/hale-lang/pond/ml/neural/model.hl:262:20	struct Layer	INVOKED	Model::layer_at	FALSE_POSITIVE	GAP-BOUNDED-INPUT-LOOP	out-of-range sentinel Layer in method layer_at; reclaimed per call
/home/riley/code/hale-lang/pond/ml/neural/model.hl:616:20	struct Layer	LOOP	parse_layer_at	FALSE_POSITIVE	GAP-BOUNDED-INPUT-LOOP	return exits meta walk; loop bounded by i/meta length
/home/riley/code/hale-lang/pond/ml/neural/model.hl:636:12	struct Layer	INVOKED	parse_layer_at	FALSE_POSITIVE	GAP-BOUNDED-INPUT-LOOP	sentinel Layer; callers iterate layer_count inside methods (train_step/forward), scratch reclaimed
/home/riley/code/hale-lang/pond/ml/neural/model.hl:673:12	struct TripleCsv	INVOKED	parse_three_csv	FALSE_POSITIVE	GAP-BOUNDED-INPUT-LOOP	one TripleCsv per meta row; layer_count-bounded, method scratch
/home/riley/code/hale-lang/pond/pq/pool.hl:56:21	struct PgConn	LOOP	PgPool::open	FALSE_POSITIVE	GAP-BOUNDED-INPUT-LOOP	dial loop capped by `size` param; open() runs once per pool
/home/riley/code/hale-lang/pond/pq/pool.hl:61:24	struct db::Status	LOOP	PgPool::open	FALSE_POSITIVE	GAP-BOUNDED-INPUT-LOOP	error Status return exits fn; size-capped loop
/home/riley/code/hale-lang/pond/pq/pool.hl:63:13	vec-insert	LOOP	PgPool::open	FALSE_POSITIVE	GAP-BOUNDED-FORM	fds population capped-by-construction at `size`; one-time open
/home/riley/code/hale-lang/pond/pq/pool.hl:64:13	vec-insert	LOOP	PgPool::open	FALSE_POSITIVE	GAP-BOUNDED-FORM	busy vec same cap
/home/riley/code/hale-lang/pond/pq/pool.hl:77:25	struct PgConn	LOOP	PgPool::close	FALSE_POSITIVE	GAP-BOUNDED-INPUT-LOOP	transient PgConn wrapper per fd; loop capped at n; close() method scratch
/home/riley/code/hale-lang/pond/pq/pool.hl:95:17	vec-insert	LOOP	PgPool::__acquire	FALSE_POSITIVE	GAP-SCALAR-UPSERT	busy.set(idx,1) Int cell in-place; loop capped at self.n (pool size)
/home/riley/code/hale-lang/pond/tui/event.hl:100:40	struct Event	LOOP	__utf8_char	TRUE_POSITIVE	-	"none" Event inside bounded UTF-8 loop (need≤3), but allocates in run() scratch (free fn) per malformed sequence
/home/riley/code/hale-lang/pond/tui/event.hl:105:12	struct Event	INVOKED	__utf8_char	TRUE_POSITIVE	-	multibyte char Event with fresh cloned text String, run() scratch, per non-ASCII keypress
/home/riley/code/hale-lang/pond/tui/event.hl:119:36	struct Event	INVOKED	__parse_escape	TRUE_POSITIVE	-	lone-ESC Event returned to run() scratch per esc keypress
/home/riley/code/hale-lang/pond/tui/event.hl:122:25	struct Event	INVOKED	__parse_escape	TRUE_POSITIVE	-	double-ESC Event, same run()-scratch accumulation
/home/riley/code/hale-lang/pond/tui/event.hl:130:25	struct Event	INVOKED	__parse_ss3	TRUE_POSITIVE	-	SS3 arrow Event to run() scratch per keypress
/home/riley/code/hale-lang/pond/tui/event.hl:131:25	struct Event	INVOKED	__parse_ss3	TRUE_POSITIVE	-	same shape: SS3 Event, run() scratch
/home/riley/code/hale-lang/pond/tui/event.hl:132:25	struct Event	INVOKED	__parse_ss3	TRUE_POSITIVE	-	same shape: SS3 Event, run() scratch
/home/riley/code/hale-lang/pond/tui/event.hl:133:25	struct Event	INVOKED	__parse_ss3	TRUE_POSITIVE	-	same shape: SS3 Event, run() scratch
/home/riley/code/hale-lang/pond/tui/event.hl:134:25	struct Event	INVOKED	__parse_ss3	TRUE_POSITIVE	-	same shape: SS3 Event, run() scratch
/home/riley/code/hale-lang/pond/tui/event.hl:135:25	struct Event	INVOKED	__parse_ss3	TRUE_POSITIVE	-	same shape: SS3 Event, run() scratch
/home/riley/code/hale-lang/pond/tui/event.hl:136:25	struct Event	INVOKED	__parse_ss3	TRUE_POSITIVE	-	same shape: SS3 F-key Event, run() scratch
/home/riley/code/hale-lang/pond/tui/event.hl:137:25	struct Event	INVOKED	__parse_ss3	TRUE_POSITIVE	-	same shape: SS3 F-key Event, run() scratch
/home/riley/code/hale-lang/pond/tui/event.hl:138:25	struct Event	INVOKED	__parse_ss3	TRUE_POSITIVE	-	same shape: SS3 F-key Event, run() scratch
/home/riley/code/hale-lang/pond/tui/event.hl:139:25	struct Event	INVOKED	__parse_ss3	TRUE_POSITIVE	-	same shape: SS3 F-key Event, run() scratch
/home/riley/code/hale-lang/pond/tui/event.hl:140:12	struct Event	INVOKED	__parse_ss3	TRUE_POSITIVE	-	SS3 fallback "none" Event, run() scratch
/home/riley/code/hale-lang/pond/tui/event.hl:153:40	struct Event	LOOP	__parse_csi	TRUE_POSITIVE	-	timeout "none" Event; CSI loop itself terminates, but alloc lands in run() scratch (free-fn, no reclaim) per occurrence
/home/riley/code/hale-lang/pond/tui/event.hl:167:12	struct Event	INVOKED	__parse_csi	TRUE_POSITIVE	-	unreachable-ish post-loop "none" Event; same run()-scratch accumulation class when reached
/home/riley/code/hale-lang/pond/tui/event.hl:188:27	struct Event	INVOKED	__finish_csi	TRUE_POSITIVE	-	Event returned via __finish_csi into Program::run's never-destroyed scratch; free-fn returns don't reclaim; per keypress forever
/home/riley/code/hale-lang/pond/tui/event.hl:189:27	struct Event	INVOKED	__finish_csi	TRUE_POSITIVE	-	same shape: Event literal accumulates in run() scratch per arrow-key press
/home/riley/code/hale-lang/pond/tui/event.hl:190:27	struct Event	INVOKED	__finish_csi	TRUE_POSITIVE	-	same shape: Event literal accumulates in run() scratch per keypress
/home/riley/code/hale-lang/pond/tui/event.hl:191:27	struct Event	INVOKED	__finish_csi	TRUE_POSITIVE	-	same shape: Event literal accumulates in run() scratch per keypress
/home/riley/code/hale-lang/pond/tui/event.hl:192:27	struct Event	INVOKED	__finish_csi	TRUE_POSITIVE	-	same shape: Event literal accumulates in run() scratch per keypress
/home/riley/code/hale-lang/pond/tui/event.hl:193:27	struct Event	INVOKED	__finish_csi	TRUE_POSITIVE	-	same shape: Event literal accumulates in run() scratch per keypress
/home/riley/code/hale-lang/pond/tui/event.hl:194:27	struct Event	INVOKED	__finish_csi	TRUE_POSITIVE	-	same shape: CSI-Z Event accumulates in run() scratch per keypress
/home/riley/code/hale-lang/pond/tui/event.hl:198:16	struct Event	INVOKED	__finish_csi	TRUE_POSITIVE	-	tilde-key Event, same chain into run() scratch per keypress
/home/riley/code/hale-lang/pond/tui/event.hl:201:12	struct Event	INVOKED	__finish_csi	TRUE_POSITIVE	-	fallback "none" Event, same chain into run() scratch per unrecognized CSI
/home/riley/code/hale-lang/pond/tui/event.hl:249:12	struct Event	INVOKED	__mouse_event	TRUE_POSITIVE	-	mouse Event returned through __finish_csi to run() scratch; per mouse move/press — high rate with move tracking
/home/riley/code/hale-lang/pond/tui/event.hl:269:12	struct Event	INVOKED	__parse_paste	TRUE_POSITIVE	-	paste Event with fresh cloned String payload in run() scratch; leaks whole paste per paste
/home/riley/code/hale-lang/pond/tui/event.hl:47:25	struct Event	INVOKED	next_event	TRUE_POSITIVE	-	worst of the group: timeout "none" Event allocated EVERY frame (~30/s at default fps) in run() scratch, input or not
/home/riley/code/hale-lang/pond/tui/event.hl:48:25	struct Event	INVOKED	next_event	TRUE_POSITIVE	-	eof Event, same run()-scratch class (rare: once, but same mechanism)
/home/riley/code/hale-lang/pond/tui/event.hl:56:36	struct Event	INVOKED	__key_from_byte	TRUE_POSITIVE	-	__key_from_byte Event returned to run() loop scratch; accumulates per keypress for session life
/home/riley/code/hale-lang/pond/tui/event.hl:57:24	struct Event	INVOKED	__key_from_byte	TRUE_POSITIVE	-	same shape: tab Event in run() scratch per keypress
/home/riley/code/hale-lang/pond/tui/event.hl:58:36	struct Event	INVOKED	__key_from_byte	TRUE_POSITIVE	-	same shape: backspace Event in run() scratch per keypress
/home/riley/code/hale-lang/pond/tui/event.hl:59:25	struct Event	INVOKED	__key_from_byte	TRUE_POSITIVE	-	same shape: esc Event in run() scratch per keypress
/home/riley/code/hale-lang/pond/tui/event.hl:61:16	struct Event	INVOKED	__key_from_byte	TRUE_POSITIVE	-	ctrl-space Event (static text) in run() scratch per keypress
/home/riley/code/hale-lang/pond/tui/event.hl:67:16	struct Event	INVOKED	__key_from_byte	TRUE_POSITIVE	-	ctrl-letter Event plus fresh __one_byte_text String in run() scratch per keypress
/home/riley/code/hale-lang/pond/tui/event.hl:70:24	struct Event	INVOKED	__key_from_byte	TRUE_POSITIVE	-	"none" Event for control bytes, run() scratch, per byte
/home/riley/code/hale-lang/pond/tui/event.hl:72:16	struct Event	INVOKED	__key_from_byte	TRUE_POSITIVE	-	ASCII char Event plus fresh text String in run() scratch per keypress
/home/riley/code/hale-lang/pond/tui/event.hl:92:16	struct Event	INVOKED	__utf8_char	TRUE_POSITIVE	-	invalid-lead "none" Event in run() scratch per bad byte
/home/riley/code/hale-lang/pond/tui/program.hl:102:36	struct Event	LOOP	Program::run	TRUE_POSITIVE	-	tick Event literal directly in run()'s while-loop body every frame; scratch never destroyed — the canonical precedent case
/home/riley/code/hale-lang/pond/tui/screen.hl:180:48	struct Cell	LOOP	Screen::flush	FALSE_POSITIVE	GAP-RUNTIME-BOUNDED-WHILE	fallback Cell in flush()'s w×h-bounded loops; method scratch, reclaimed at flush return each frame
/home/riley/code/hale-lang/pond/tui/screen.hl:181:47	struct Cell	LOOP	Screen::flush	FALSE_POSITIVE	GAP-RUNTIME-BOUNDED-WHILE	same shape: fallback Cell for prev.get, flush() method scratch
/home/riley/code/hale-lang/pond/tui/screen.hl:200:17	vec-insert	LOOP	Screen::flush	FALSE_POSITIVE	GAP-SCALAR-UPSERT	prev.set(idx, c) overwrites existing index in place; all-scalar Cell, bounded index domain w*h
/home/riley/code/hale-lang/pond/tui/screen.hl:58:13	vec-insert	LOOP	Screen::resize	FALSE_POSITIVE	GAP-BOUNDED-FORM	push only while len<w*h; vec population monotonically capped at max terminal area, not time-unbounded
/home/riley/code/hale-lang/pond/tui/screen.hl:58:29	struct Cell	LOOP	Screen::resize	FALSE_POSITIVE	GAP-RUNTIME-BOUNDED-WHILE	Cell literal in while len<needed inside method resize(); loop terminates at needed, scratch reclaimed at exit
/home/riley/code/hale-lang/pond/tui/screen.hl:59:13	vec-insert	LOOP	Screen::resize	FALSE_POSITIVE	GAP-BOUNDED-FORM	same shape: prev vec capped at max terminal area
/home/riley/code/hale-lang/pond/tui/screen.hl:59:28	struct Cell	LOOP	Screen::resize	FALSE_POSITIVE	GAP-RUNTIME-BOUNDED-WHILE	same shape: Cell literal, runtime-bounded grow loop, method scratch
/home/riley/code/hale-lang/pond/tui/screen.hl:71:13	vec-insert	LOOP	Screen::clear	FALSE_POSITIVE	GAP-SCALAR-UPSERT	vec.set overwrites existing index (0..w*h) in place; Cell is all-scalar (4 Ints), no anchor
/home/riley/code/hale-lang/pond/tui/screen.hl:71:31	struct Cell	LOOP	Screen::clear	FALSE_POSITIVE	GAP-RUNTIME-BOUNDED-WHILE	Cell literal in while i<w*h inside locus method clear(); memcpy'd into slot, scratch reclaimed at method exit
/home/riley/code/hale-lang/pond/tui/screen.hl:80:9	vec-insert	INVOKED	Screen::set_cell	FALSE_POSITIVE	GAP-SCALAR-UPSERT	set_cell overwrites bounds-checked index 0..w*h in place; all-scalar Cell, no growth
/home/riley/code/hale-lang/pond/websocket/client.hl:224:31	struct WsError	INVOKED	WsClient::reparse_url	TRUE_POSITIVE	-	last_error subfields are runtime parts.error_kind/detail → anchor per set; repeats per dial only when url malformed under infinite auto-reconnect; slow, misconfig-gated
/home/riley/code/hale-lang/pond/websocket/client.hl:268:43	struct WsError	LOOP	WsClient::open	FALSE_POSITIVE	GAP-INPLACE-STORE	static-literal store in open()'s retry loop; loop exits same iteration; open is member fn, scratch reclaimed
/home/riley/code/hale-lang/pond/websocket/client.hl:314:39	struct WsError	LOOP	WsClient::read_msg	FALSE_POSITIVE	GAP-INPLACE-STORE	static-literal last_error store; sets bail, loop exits; read_msg scratch reclaimed per call
/home/riley/code/hale-lang/pond/websocket/client.hl:340:50	struct WsLogEvent	LOOP	WsClient::read_msg	FALSE_POSITIVE	GAP-RUNTIME-BOUNDED-WHILE	static-literal WsLogEvent arg in read_msg scratch; loop exits per message/bail; silent-peer spin allocs ~1/ping-cycle, outage-paced only
/home/riley/code/hale-lang/pond/websocket/client.hl:346:51	struct WsError	LOOP	WsClient::read_msg	FALSE_POSITIVE	GAP-INPLACE-STORE	static-literal last_error store; bail path
/home/riley/code/hale-lang/pond/websocket/client.hl:366:47	struct WsError	LOOP	WsClient::read_msg	FALSE_POSITIVE	GAP-INPLACE-STORE	static-literal last_error store; bail path
/home/riley/code/hale-lang/pond/websocket/client.hl:382:43	struct WsError	LOOP	WsClient::read_msg	FALSE_POSITIVE	GAP-INPLACE-STORE	static-literal last_error store; bail path
/home/riley/code/hale-lang/pond/websocket/client.hl:414:31	struct WsError	INVOKED	WsClient::try_peel_one	FALSE_POSITIVE	GAP-INPLACE-STORE	WsError{"",""} static-literal clear of last_error; in-place
/home/riley/code/hale-lang/pond/websocket/client.hl:499:33	struct WsMessage	INVOKED	WsClient::try_peel_one	TRUE_POSITIVE	-	last_message store: text/bytes are non-owning views, but kind carries runtime self.frag_kind String → anchor per message; millions/day on mdgw; slow leak, ~5 B/msg
/home/riley/code/hale-lang/pond/websocket/client.hl:563:18	struct WsError	INVOKED	WsClient::send_frame_internal	FALSE_POSITIVE	GAP-OTHER	static-literal fail value; consumed by or-raise/or-discard in caller member-fn scratch; error path only
/home/riley/code/hale-lang/pond/websocket/client.hl:703:31	struct WsError	INVOKED	WsClient::connect_once	FALSE_POSITIVE	GAP-INPLACE-STORE	self.last_error store; both subfields static literals — skipped, in-place memcpy, no anchor
/home/riley/code/hale-lang/pond/websocket/client.hl:718:31	struct WsError	INVOKED	WsClient::connect_once	FALSE_POSITIVE	GAP-INPLACE-STORE	static-literal WsError store to last_error; in-place, no leak
/home/riley/code/hale-lang/pond/websocket/client.hl:737:35	struct WsError	INVOKED	WsClient::connect_once	FALSE_POSITIVE	GAP-INPLACE-STORE	static-literal store inside tries<100 bounded loop; returns false immediately after
/home/riley/code/hale-lang/pond/websocket/client.hl:771:27	struct WsError	INVOKED	WsClient::connect_once	FALSE_POSITIVE	GAP-INPLACE-STORE	static-literal WsError store after loop; in-place
/home/riley/code/hale-lang/pond/websocket/client.hl:796:27	struct WsError	INVOKED	WsClient::io_substitute_int	FALSE_POSITIVE	GAP-INPLACE-STORE	static-literal WsError ("io"/"io failure") store; in-place
/home/riley/code/hale-lang/pond/websocket/client.hl:806:27	struct WsError	INVOKED	WsClient::handshake_fail	TRUE_POSITIVE	-	last_error store with runtime e.detail (concat from parse_response) → anchor per failed handshake; unbounded under reconnect flap; slow leak
/home/riley/code/hale-lang/pond/websocket/client.hl:811:27	struct WsError	INVOKED	WsClient::framing_fail_hdr	TRUE_POSITIVE	-	last_error store with runtime e.detail subfield → arena anchor per set; per framing error, unbounded under broken-peer + reconnect; slow
/home/riley/code/hale-lang/pond/websocket/client.hl:812:16	struct FrameHeader	INVOKED	WsClient::framing_fail_hdr	FALSE_POSITIVE	GAP-OTHER	all-scalar FrameHeader substitute return into try_peel_one member-fn scratch
/home/riley/code/hale-lang/pond/websocket/client.hl:834:16	struct UrlParts	INVOKED	parse_url	FALSE_POSITIVE	GAP-OTHER	UrlParts returned into reparse_url member-fn scratch; reclaimed at method exit; per-dial not per-message
/home/riley/code/hale-lang/pond/websocket/client.hl:853:20	struct UrlParts	INVOKED	parse_url	FALSE_POSITIVE	GAP-OTHER	same shape as 834; error-branch UrlParts dies with reparse_url scratch
/home/riley/code/hale-lang/pond/websocket/client.hl:880:12	struct UrlParts	INVOKED	parse_url	FALSE_POSITIVE	GAP-OTHER	success-path UrlParts; scheme/path substrings + struct die in reparse_url member-fn scratch
/home/riley/code/hale-lang/pond/websocket/frame.hl:105:20	struct FrameHeader	INVOKED	peek_header	FALSE_POSITIVE	GAP-OTHER	same shape as 90:16; incomplete-frame early return, all-scalar, caller-scratch lifetime
/home/riley/code/hale-lang/pond/websocket/frame.hl:115:20	struct FrameHeader	INVOKED	peek_header	FALSE_POSITIVE	GAP-OTHER	same shape as 90:16
/home/riley/code/hale-lang/pond/websocket/frame.hl:122:18	struct WsError	INVOKED	peek_header	FALSE_POSITIVE	GAP-OTHER	static-literal fail value; consumed by framing_fail_hdr/__raise_framing substitutes in caller member-fn scratch
/home/riley/code/hale-lang/pond/websocket/frame.hl:142:20	struct FrameHeader	INVOKED	peek_header	FALSE_POSITIVE	GAP-OTHER	same shape as 90:16
/home/riley/code/hale-lang/pond/websocket/frame.hl:152:16	struct FrameHeader	INVOKED	peek_header	FALSE_POSITIVE	GAP-OTHER	same shape as 90:16
/home/riley/code/hale-lang/pond/websocket/frame.hl:155:12	struct FrameHeader	INVOKED	peek_header	FALSE_POSITIVE	GAP-OTHER	success-path all-scalar FrameHeader; dies at caller member-fn exit
/home/riley/code/hale-lang/pond/websocket/frame.hl:90:16	struct FrameHeader	INVOKED	peek_header	FALSE_POSITIVE	GAP-OTHER	all-scalar FrameHeader returned into caller member-fn scratch (try_peel_one / server read_msg); reclaimed at exit
/home/riley/code/hale-lang/pond/websocket/handshake.hl:101:18	struct WsError	INVOKED	parse_response	FALSE_POSITIVE	GAP-OTHER	static-literal fail value dies in connect_once member-fn scratch via or-substitute
/home/riley/code/hale-lang/pond/websocket/handshake.hl:107:18	struct WsError	INVOKED	parse_response	FALSE_POSITIVE	GAP-OTHER	fail value (dynamic detail) dies in connect_once member-fn scratch; anchor risk is at the 806 store, not here
/home/riley/code/hale-lang/pond/websocket/handshake.hl:88:14	struct WsError	INVOKED	parse_response	FALSE_POSITIVE	GAP-OTHER	fail value (dynamic detail) consumed by or-substitute inside connect_once member-fn scratch; reclaimed at exit; downstream anchor flagged separately at 806
/home/riley/code/hale-lang/pond/websocket/server.hl:120:35	struct WsError	LOOP	WsServerConn::handshake	FALSE_POSITIVE	GAP-INPLACE-STORE	static-literal last_error store; returns false immediately
/home/riley/code/hale-lang/pond/websocket/server.hl:124:38	struct WsLogEvent	LOOP	WsServerConn::handshake	FALSE_POSITIVE	GAP-RUNTIME-BOUNDED-WHILE	static-literal WsLogEvent in 16KB-capped handshake loop, once per connection; member-fn scratch reclaimed
/home/riley/code/hale-lang/pond/websocket/server.hl:134:35	struct WsError	LOOP	WsServerConn::handshake	FALSE_POSITIVE	GAP-INPLACE-STORE	static-literal last_error store; returns false immediately
/home/riley/code/hale-lang/pond/websocket/server.hl:138:38	struct WsLogEvent	LOOP	WsServerConn::handshake	FALSE_POSITIVE	GAP-RUNTIME-BOUNDED-WHILE	same shape as 124:38; capped loop, exits on this branch
/home/riley/code/hale-lang/pond/websocket/server.hl:258:35	struct WsError	LOOP	WsServerConn::read_msg	FALSE_POSITIVE	GAP-INPLACE-STORE	static-literal last_error store on close path; read_msg returns false immediately
/home/riley/code/hale-lang/pond/websocket/server.hl:276:45	struct WsMessage	LOOP	WsServerConn::read_msg	TRUE_POSITIVE	-	last_message store: kind carries runtime self.frag_kind → anchor per fragmented message; per-conn arena freed only at dissolve, conn lifetime unbounded; slow
/home/riley/code/hale-lang/pond/websocket/server.hl:290:45	struct WsMessage	LOOP	WsServerConn::read_msg	TRUE_POSITIVE	-	last_message store: kind is opcode_to_kind() runtime String → anchor per message over conn lifetime; capped only by conn dissolve; slow
/home/riley/code/hale-lang/pond/websocket/server.hl:323:39	struct WsError	LOOP	WsServerConn::pump_recv	FALSE_POSITIVE	GAP-INPLACE-STORE	static-literal last_error store; pump_recv returns false immediately after
/home/riley/code/hale-lang/pond/websocket/server.hl:327:42	struct WsLogEvent	LOOP	WsServerConn::pump_recv	FALSE_POSITIVE	GAP-RUNTIME-BOUNDED-WHILE	static-literal WsLogEvent; pump_recv loop runs ≤2 deadline cycles per call then returns; member-fn scratch
/home/riley/code/hale-lang/pond/websocket/server.hl:338:30	struct std::io::tcp::Stream	LOOP	WsServerConn::pump_recv	FALSE_POSITIVE	GAP-RUNTIME-BOUNDED-WHILE	all-scalar Stream{fd,bool} local in ≤2-cycle pump_recv loop; dies at method exit
/home/riley/code/hale-lang/pond/websocket/server.hl:339:55	bytes-literal	LOOP	WsServerConn::pump_recv	FALSE_POSITIVE	GAP-RUNTIME-BOUNDED-WHILE	empty b"" literal, ≤1 per ping cycle in bounded pump_recv loop; method-scratch lifetime
/home/riley/code/hale-lang/pond/websocket/server.hl:347:35	struct WsError	LOOP	WsServerConn::pump_recv	FALSE_POSITIVE	GAP-INPLACE-STORE	static-literal last_error store; returns false immediately
/home/riley/code/hale-lang/pond/websocket/server.hl:430:14	struct FrameHeader	INVOKED	__raise_framing	FALSE_POSITIVE	GAP-OTHER	all-scalar FrameHeader returned into WsServerConn::read_msg member-fn scratch; reclaimed at method exit
